-- phpMyAdmin SQL Dump
-- version 4.9.0.1
-- https://www.phpmyadmin.net/
--
-- Host: 127.0.0.1
-- Generation Time: Jun 11, 2021 at 10:17 PM
-- Server version: 10.4.6-MariaDB
-- PHP Version: 7.3.9

SET SQL_MODE = "NO_AUTO_VALUE_ON_ZERO";
SET AUTOCOMMIT = 0;
START TRANSACTION;
SET time_zone = "+00:00";


/*!40101 SET @OLD_CHARACTER_SET_CLIENT=@@CHARACTER_SET_CLIENT */;
/*!40101 SET @OLD_CHARACTER_SET_RESULTS=@@CHARACTER_SET_RESULTS */;
/*!40101 SET @OLD_COLLATION_CONNECTION=@@COLLATION_CONNECTION */;
/*!40101 SET NAMES utf8mb4 */;

--
-- Database: `gaming`
--

-- --------------------------------------------------------

--
-- Table structure for table `konsole`
--

CREATE TABLE `konsole` (
  `Konsoleid` int(10) NOT NULL,
  `KonsoleName` varchar(30) NOT NULL,
  `Bild` varchar(100) DEFAULT NULL,
  `Hersteller` varchar(30) DEFAULT NULL,
  `Erscheinungsjahr` date DEFAULT NULL,
  `Generation` varchar(30) DEFAULT NULL,
  `Status` varchar(30) DEFAULT NULL,
  `Typ` varchar(10) DEFAULT NULL,
  `AnzahlVerkauft` varchar(50) DEFAULT NULL,
  `Text` text DEFAULT NULL
) ENGINE=InnoDB DEFAULT CHARSET=latin1;

--
-- Dumping data for table `konsole`
--

INSERT INTO `konsole` (`Konsoleid`, `KonsoleName`, `Bild`, `Hersteller`, `Erscheinungsjahr`, `Generation`, `Status`, `Typ`, `AnzahlVerkauft`, `Text`) VALUES
(1, 'NES', 'nes.png', 'Nintendo', '1983-07-15', NULL, NULL, 'stationär', NULL, NULL),
(2, 'SNES', 'snes.png', 'Nintendo', '1990-11-21', NULL, 'hab', 'stationär', NULL, NULL),
(3, 'N64', 'N64-Console.png', 'Nintendo', '1996-06-23', NULL, NULL, 'stationär', NULL, NULL),
(4, 'Playstation', 'ps1.png', 'Sony', '1994-12-03', NULL, NULL, 'stationär', NULL, NULL),
(5, 'Gamecube', 'gamecube.png', 'Nintendo', '2001-09-14', NULL, 'hab', 'stationär', NULL, NULL),
(6, 'Playstation 2', 'ps2.png', 'Sony', '2000-03-04', NULL, 'hab', 'stationär', NULL, NULL),
(7, 'Xbox', 'xbox.png', 'Microsoft', '2001-11-15', NULL, NULL, 'stationär', NULL, NULL),
(8, 'Xbox360', 'xbox360.png', 'Microsoft', '2005-11-22', NULL, 'hab', 'stationär', NULL, NULL),
(9, 'Playstation 3', 'ps3.png', 'Sony', '2006-11-11', NULL, NULL, 'stationär', NULL, NULL),
(10, 'Wii', 'wii.png', 'Nintendo', '2006-11-19', NULL, 'hab', 'stationär', NULL, NULL),
(11, 'Xbox One', 'xboxone.png', 'Microsoft', '2013-11-22', NULL, NULL, 'stationär', NULL, NULL),
(12, 'Playstation 4', 'ps4.png', 'Sony', '2013-11-15', NULL, NULL, 'stationär', NULL, NULL),
(13, 'Wii U', 'wiiu.png', 'Nintendo', '2012-11-18', NULL, NULL, 'stationär', NULL, NULL),
(14, 'Switch', 'Switch.png', 'Nintendo', '2017-03-03', NULL, 'hab', 'hybrid', NULL, NULL),
(15, 'Gameboy', 'gameboy.png', 'Nintendo', '1989-04-21', NULL, 'hab', 'handheld', NULL, NULL),
(16, 'Gameboy Advance', 'gameboyadvance.png', 'Nintendo', '2001-03-21', NULL, 'hab', 'handheld', NULL, NULL),
(17, 'DS', 'ds.png', 'Nintendo', '2004-11-21', NULL, 'hab', 'handheld', NULL, NULL),
(18, '3DS', '3ds.png', 'Nintendo', '2011-02-26', NULL, 'hab', 'handheld', NULL, NULL),
(19, 'PSP', NULL, 'Sony', '2004-12-12', NULL, NULL, 'handheld', NULL, NULL),
(20, 'PS Vita', NULL, 'Sony', '2011-12-17', NULL, NULL, 'handheld', NULL, NULL),
(21, 'PC', NULL, 'Sony', NULL, NULL, 'hab', 'stationär', NULL, NULL),
(22, 'Mega Drive', NULL, 'Sega', NULL, NULL, NULL, 'stationär', NULL, NULL),
(23, 'Dream Cast', NULL, 'Sega', NULL, NULL, NULL, 'stationär', NULL, NULL),
(24, 'Genesis', NULL, 'Sega', NULL, NULL, NULL, 'stationär', NULL, NULL),
(25, 'C64 mini', NULL, NULL, NULL, NULL, NULL, 'stationär', NULL, NULL),
(26, 'Atari Flashback', NULL, NULL, NULL, NULL, NULL, 'stationär', NULL, NULL),
(27, 'Playstation 5', 'ps5.png', 'Sony', '2020-11-12', NULL, NULL, 'stationär', NULL, NULL),
(28, 'Xbox Series', 'xboxseries.png', 'Microsoft', '2020-11-10', NULL, 'beobachten', 'stationär', NULL, NULL);

-- --------------------------------------------------------

--
-- Table structure for table `spiele`
--

CREATE TABLE `spiele` (
  `Spielid` int(10) NOT NULL,
  `Spielename` varchar(100) NOT NULL,
  `Spieleserie` varchar(50) DEFAULT NULL,
  `Genre` varchar(20) DEFAULT NULL,
  `Erscheinungsjahr` date DEFAULT NULL,
  `Entwickler` varchar(30) DEFAULT NULL,
  `Dimension` varchar(10) DEFAULT NULL,
  `Bild` varchar(100) DEFAULT NULL,
  `Status` varchar(30) DEFAULT NULL,
  `GrößeGB` varchar(10) DEFAULT NULL,
  `AnzahlVerkauft` varchar(50) DEFAULT NULL,
  `Text` text DEFAULT NULL
) ENGINE=InnoDB DEFAULT CHARSET=latin1;

--
-- Dumping data for table `spiele`
--

INSERT INTO `spiele` (`Spielid`, `Spielename`, `Spieleserie`, `Genre`, `Erscheinungsjahr`, `Entwickler`, `Dimension`, `Bild`, `Status`, `GrößeGB`, `AnzahlVerkauft`, `Text`) VALUES
(1, 'Zelda Breath of the Wild', 'Zelda', 'Open World', '2017-03-02', 'Nintendo EPD', '3D', 'zeldabotw.jpg', 'hab physisch', '14.4 GB', '21.450.000', NULL),
(2, 'Hyrule Warriors: Age of Calamity', 'Zelda', 'Fighting', '2020-11-20', 'Koei Tecmo', '3D', 'hyrulewarriorscalamity.jpg', 'hab physisch', '10.8 GB', '3.500.000', NULL),
(3, 'Super Smash Bros Ultimate', 'Smash Bros', 'Fighting', '2018-12-07', 'Nintendo', '2D', 'smashbrosulti.jpg', 'hab physisch', '16.3 GB', '31.180.000', NULL),
(4, 'Splatoon 2', 'Splatoon', 'Shooter', '2017-07-21', 'Nintendo EPD', '3D', 'splatoon2.jpg', 'hab physisch', '6.1 GB', '11.900.000', NULL),
(5, 'Donkey Kong Country: Tropical Freeze', 'Donkey Kong', 'Jump n Run', '2014-02-14', NULL, '2D', 'donkeykongtropical.jpg', 'hab physisch', '6.6 GB', '2.650.000', NULL),
(6, 'Super Mario Bros U Deluxe', 'Super Mario', 'Jump n Run', '2012-11-18', 'Nintendo EAD', NULL, 'supermariobrosu.jpg', 'hab physisch', '2.5 GB', '9.820.000', NULL),
(7, 'Pokemon Tekken', 'Pokemon', 'Fighting', '2015-07-16', 'Bandai Namco', NULL, 'pokemontekken.jpg', 'hab physisch', '3.9 GB', '1.160.000', NULL),
(8, 'Legacy of the Duelist', 'Yu-gi-oh', NULL, '2019-04-25', NULL, NULL, 'yugiohlegacyduelist.jpg', 'hab physisch', '1.7 GB', NULL, NULL),
(9, 'Mario Maker 2', 'Super Mario', 'Jump n Run', '2019-06-28', 'Nintendo EPD', NULL, 'mariomaker2.webp', 'hab physisch', '3.0 GB', '6.910.000', NULL),
(10, 'Mario Kart 8 Deluxe', 'Super Mario', 'Racing', '2014-05-29', 'Nintendo EAD', NULL, 'mariokart8.webp', 'hab physisch', '6.8 GB', '33.410.000', NULL),
(11, 'Mario 3D Allstars', 'Super Mario', 'Jump n Run', '2020-09-18', 'Nintendo EPD ', NULL, 'mario3dallstars.png', 'hab physisch', '4.9 GB', '8.320.000', NULL),
(12, 'Arms', NULL, 'Fighting', '2017-06-16', 'Nintendo EPD', NULL, 'arms.jpg', 'hab physisch', '3.2 GB', '2.380.000', NULL),
(13, 'Mario Odyssey', 'Super Mario', 'Jump n Run', '2017-10-27', 'Nintendo EPD', NULL, 'marioodyssey.jpg', 'hab physisch', '5.6 GB', '20.230.000', NULL),
(14, 'Lets go Pikachu', 'Pokemon', NULL, '2018-11-16', 'Game Freak', NULL, 'pokemonletsgopikachu.jpg', 'hab physisch', '4.2 GB', '13.000.000', NULL),
(15, 'Lets go Evoli', 'Pokemon', NULL, '2018-11-16', 'Game Freak', NULL, 'pokemonletsgoevoli.jpg', NULL, '4.2 GB', '13.000.000', NULL),
(16, 'Mystery Dungeon Rescue Team DX', 'Pokemon', NULL, '2020-03-06', 'Spike Chunsoft', NULL, 'pokemonmysterydungeondx.jpg', 'hab physisch', '2.1 GB', '1.260.000', NULL),
(17, 'Pokemon Schwert', 'Pokemon', NULL, '2019-11-15', 'GameFreak', NULL, 'pokemonschwert.jpg', 'hab physisch', '12.4 GB', '22.350.000', NULL),
(18, 'Pokemon Schild', 'Pokemon', NULL, '2019-11-15', 'GameFreak', NULL, 'pokemonschild.jpg', NULL, '12.4 GB', '22.350.000', NULL),
(19, 'Street Fighter Anniversairy', 'Street Fighters', 'Fighting', '2018-05-29', 'Digital Eclipse', '2D', 'streetfighteranni.png', 'hab physisch', '5.0 GB', NULL, NULL),
(20, 'Minecraft', NULL, 'Minecraft', '2016-11-01', NULL, NULL, 'minecraft.jpg', 'hab', NULL, '200.000.000', NULL),
(21, '51 Worldwide Games', NULL, NULL, '2020-06-05', 'NDcube', NULL, '51worldwide.jpg', 'hab digital', '2.3 GB', '2.620.000', NULL),
(22, 'Air Conflicts: Pacific Carriers', NULL, NULL, '2012-12-07', NULL, NULL, 'airconflictspacific.jpg', 'hab digital', '1,4 GB', NULL, NULL),
(23, 'Crysis Remastered', 'Crysis', 'Shooter', '2007-11-13', NULL, NULL, 'crysis1.jpg', 'hab digital', '7.4 GB', NULL, NULL),
(24, 'Wargroove', NULL, 'Strategie', '2019-02-01', NULL, NULL, 'wargroove.jpg', 'hab digital', '0.432 GB', NULL, NULL),
(25, 'Starlink: Battle for Atlas', 'Starfox', 'Space', '2018-10-16', 'Ubisoft Toronto', NULL, 'starlinkatlas.jpg', 'hab digital', '16.3 GB', NULL, NULL),
(26, 'Spongebob Battle for Bikini Bottom Rehydrated', 'Spongebob', NULL, '2020-06-23', NULL, NULL, 'spongebobbattlerehydrated.jpg', 'hab digital', '11.2 GB', NULL, NULL),
(27, 'Civilization VI', 'Civilization', 'Aufbau Strategie', '2016-10-21', NULL, NULL, 'civilizationvi.jpg', 'hab digital', NULL, NULL, NULL),
(28, 'Hyrule Warriors: Definitive Edition', 'Zelda', 'Fighting', '2014-08-14', 'Koei Tecmo', '3D', 'hyrulewarriorsdefinitive.jpg', 'hab digital', '12.9 GB', NULL, NULL),
(29, 'Zelda Ocarina of Time 3D', 'Zelda', NULL, '2011-06-16', 'Grezzo', '3D', 'zeldaocarina3d.jpg', 'hab physisch', NULL, '6.020.000', NULL),
(30, 'Pokemon Sonne', 'Pokemon', NULL, '2016-11-18', 'GameFreak', NULL, 'pokemonsonne.jpg', 'hab physisch', NULL, '16.180.000', NULL),
(31, 'Pokemon Mond', 'Pokemon', NULL, '2016-11-18', 'GameFreak', NULL, 'pokemonmond.jpg', NULL, NULL, '16.180.000', NULL),
(32, 'Pokemon Ultrasonne', 'Pokemon', NULL, '2017-11-17', 'GameFreak', NULL, 'pokemonultrasonne.jpg', NULL, NULL, '8.770.000', NULL),
(33, 'Pokemon Ultramond', 'Pokemon', NULL, '2017-11-17', 'GameFreak', NULL, 'pokemonultramond.jpg', 'hab physisch', NULL, '8.770.000', NULL),
(34, 'Zelda Link Between Worlds', 'Zelda', NULL, '2013-11-22', 'Nintendo EAD', '2D', 'zeldalinkbetween.jpg', 'hab physisch', NULL, '4.070.000', NULL),
(35, 'Pokemon Y', 'Pokemon', NULL, '2013-10-12', 'GameFreak', NULL, 'pokemony.jpg', 'hab physisch', NULL, '16.450.000', NULL),
(36, 'Pokemon X', 'Pokemon', NULL, '2013-10-12', 'GameFreak', NULL, 'pokemonx.jpg', NULL, NULL, '16.450.000', NULL),
(37, 'Super Mario 3D Land', 'Super Mario', 'Jump n Run', '2011-11-03', 'Nintendo EAD Tokyo', NULL, 'mario3dland.jpg', 'hab physisch', NULL, '12.770.000', NULL),
(38, 'Sims Urbz', 'Sims', NULL, '2004-11-09', NULL, NULL, 'simsurbz.jpg', 'hab physisch', NULL, NULL, NULL),
(39, 'Sims 2 Pets', 'Sims', NULL, '2004-09-14', NULL, NULL, 'sims2pets.jpg', 'hab physisch', NULL, NULL, NULL),
(40, 'Donkey Kong Country Returns', 'Donkey Kong', 'Jump n Run', '2010-11-21', NULL, NULL, 'doneykongcountryreturns.jpg', 'hab physisch', NULL, NULL, NULL),
(41, 'Zelda Triforce Heroes', 'Zelda', NULL, '2015-10-22', 'Nintendo EPD, Grezzo', '2D', 'zeldatriforce.jpg', 'hab physisch', NULL, '1.330.000', NULL),
(42, 'Pokemon Schwarz', 'Pokemon', NULL, '2010-09-18', 'GameFreak', NULL, 'pokemonschwarz.jpg', 'hab physisch', NULL, '15.640.000', NULL),
(43, 'Pokemon Weiß', 'Pokemon', NULL, '2010-09-18', 'GameFreak', NULL, 'pokemonweiß.jpg', NULL, NULL, '15.640.000', NULL),
(44, 'Pokemon Heartgold', 'Pokemon', NULL, '2009-09-12', 'GameFreak', NULL, 'pokemonheartgold.webp', 'hab physisch', NULL, '12.720.000', NULL),
(45, 'Pokemon Soulsilver', 'Pokemon', NULL, '2009-09-12', 'GameFreak', NULL, 'pokemonsoulsilver.jpg', 'kaufen', NULL, '12.720.000', NULL),
(46, 'Super Mario 64 DS', 'Super Mario', 'Jump n Run', '2004-11-21', 'Nintendo EAD', NULL, 'mario64ds.png', 'hab physisch', NULL, '11.060.000', NULL),
(47, 'Pokemon Alpha Saphir', 'Pokemon', NULL, '2014-11-21', 'GameFreak', NULL, 'pokemonalphasaphire.jpg', 'hab physisch', NULL, '14.270.000', NULL),
(48, 'Pokemon Omega Rubin', 'Pokemon', NULL, '2014-11-21', 'GameFreak', NULL, 'pokemonomegaruby.jpg', 'merken', NULL, '14.270.000', NULL),
(49, 'New Super Mario Bros', 'Super Mario', 'Jump n Run', '2006-05-15', 'Nintendo EAD Group 4', NULL, 'newmariobros.jpg', 'hab physisch', NULL, '30.800.000', NULL),
(50, 'Pokemon Weiß 2', 'Pokemon', NULL, '2012-06-23', 'GameFreak', NULL, 'pokemonweiß2.jpg', 'hab physisch', NULL, '7.630.000', NULL),
(51, 'Pokemon Schwarz 2', 'Pokemon', NULL, '2012-06-23', 'GameFreak', NULL, 'pokemonschwarz2.jpg', 'merken', NULL, '7.630.000', NULL),
(52, 'Pokemon Diamant', 'Pokemon', NULL, '2006-09-28', 'GameFreak', NULL, 'pokemondiamant.jpg', 'hab physisch', NULL, '17.670.000', NULL),
(53, 'Pokemon Perl', 'Pokemon', NULL, '2006-09-28', 'GameFreak', NULL, 'pokemonperl.jpg', 'hab physisch', NULL, '17.670.000', NULL),
(54, 'Zelda Majoras Mask 3D', 'Zelda', NULL, '2015-02-13', 'Grezzo', '3D', 'zeldamajoras3d.jpg', 'hab physisch', NULL, '3.090.000', NULL),
(55, 'Zelda Phantom Hourglass', 'Zelda', NULL, '2007-06-23', 'Nintendo EAD', '2D', 'ZeldaPhantom.jpg', 'kaufen', NULL, '4.760.000', NULL),
(56, 'Zelda Spirit Track', 'Zelda', NULL, '2009-12-07', 'Nintendo EAD', '2D', 'zeldaspirittracks.jpg', 'hab physisch', NULL, '2.960.000', NULL),
(57, 'New Super Mario Bros 2', 'Super Mario', 'Jump n Run', '2012-07-28', 'Nintendo EAD Group 4', NULL, 'newmariobros2.jpg', 'merken', NULL, '13.370.000', NULL),
(58, 'Mario Kart DS', 'Super Mario', 'Racing', '2005-11-14', 'Nintendo EAD Group 1', NULL, 'mariokartds.jpg', 'downloaden', NULL, '23.600.000', NULL),
(59, 'Mario Kart 7', 'Super Mario', 'Racing', '2011-12-01', 'Nintendo EAD, Retro Studios', NULL, 'mariokart7.jpg', 'hab digital', NULL, '18.920.000', NULL),
(60, 'Mario Party DS', 'Super Mario', 'Party', '2007-11-08', 'Hudson Soft', NULL, 'mariopartyds.jpg', 'downloaden', NULL, NULL, NULL),
(61, 'Age of Wonder II', NULL, NULL, '2002-06-12', NULL, NULL, 'ageofwonders.png', 'hab digital', NULL, NULL, NULL),
(62, 'Anno 1404', 'Anno', 'Strategie', '2009-06-23', NULL, NULL, 'anno1404.jpg', 'hab digital', NULL, NULL, NULL),
(63, 'Arma 2', 'Arma', 'War Shooter', '2009-06-17', NULL, NULL, 'arma2.jpg', 'hab digital', NULL, NULL, NULL),
(64, 'CivCity: Rome', NULL, 'Aufbau', '2006-07-24', NULL, NULL, 'civcityrome.jpg', 'hab digital', NULL, NULL, NULL),
(65, 'Company of Heroes 2', 'Company of Heroes', 'Strategie', '2006-09-12', NULL, NULL, 'companyofheroes2.jpg', 'hab digital', NULL, NULL, NULL),
(66, 'Europa Universalis IV', 'Europa Universalis', 'Strategie', '2013-08-13', 'Paradox', NULL, 'europauniversalis4.webp', 'hab digital', NULL, NULL, NULL),
(67, 'Men of War: Assault Squad 2', NULL, 'Strategie', '2014-05-15', NULL, NULL, 'menofwarassualt2.jpg', 'hab digital', NULL, NULL, NULL),
(68, 'Rome Total War', 'Total War', 'Strategie', '2004-09-22', 'Creative Assembly', NULL, 'rometotalwar.jpg', 'hab digital', NULL, NULL, NULL),
(69, 'Rome Total War - Alexander', 'Total War', 'Strategie', '2006-06-19', 'Creative Assembly', NULL, 'alexandertotalwar.png', 'hab digital', NULL, NULL, NULL),
(70, 'Total War - Attila', 'Total War', 'Strategie', '2015-02-17', 'Creative Assembly', NULL, 'attilatotalwar.jpg', 'hab physisch', NULL, NULL, NULL),
(71, 'Total War - Empire', 'Total War', 'Strategie', '2009-03-03', 'Creative Assembly', NULL, 'totalwarempire.jpg', 'hab physisch', NULL, NULL, NULL),
(72, 'Total War - Medieval II', 'Total War', 'Strategie', '2006-11-10', 'Creative Assembly', NULL, 'medieval2.jpg', 'hab', NULL, NULL, NULL),
(73, 'Total War - Napoleon', 'Total War', 'Strategie', '2010-02-23', 'Creative Assembly', NULL, 'napoleontotalwar.jpg', 'hab digital', NULL, NULL, NULL),
(74, 'Total War - Rome II', 'Total War', 'Strategie', '2013-09-03', 'Creative Assembly', NULL, 'rome2totalwar.jpg', 'hab physisch', NULL, NULL, NULL),
(75, 'Total War - Shogun 2', 'Total War', 'Strategie', '2011-03-15', 'Creative Assembly', NULL, 'shogun2.jpg', 'hab physisch', NULL, NULL, NULL),
(76, 'Total War - Warhammer', 'Total War', 'Strategie', '2016-05-24', 'Creative Assembly', NULL, 'warhammertotalwar.png', 'hab physisch', NULL, NULL, NULL),
(77, 'Total War - Warhammer II', 'Total War', 'Strategie', '2017-09-28', 'Creative Assembly', NULL, 'warhammer2totalwar.jpg', 'hab digital', NULL, NULL, NULL),
(78, 'Steel Division 2', 'Steel Division', 'Strategie', '2019-06-20', 'Eugen Systems', NULL, 'steeldivision2.jpg', 'hab digital', NULL, NULL, NULL),
(79, 'Steel Division Normandy', 'Steel Division', 'Strategie', '2017-05-23', 'Eugen Systems', NULL, 'steeldivisionnormandy.jpg', 'hab digital', NULL, NULL, NULL),
(80, 'Wargame European Escalation', 'Wargame', 'Strategie', '2012-02-23', 'Eugen Systems', NULL, 'wargameeuropean.webp', 'hab physisch', NULL, NULL, NULL),
(81, 'Wargame Airland Battle', 'Wargame', 'Strategie', '2013-05-29', 'Eugen Systems', NULL, 'wargameairland.jpg', 'hab digital', NULL, NULL, NULL),
(82, 'Wargame Red Dragon', 'Wargame', 'Strategie', '2014-04-17', 'Eugen Systems', NULL, 'wargamereddragon.webp', 'hab physisch', NULL, NULL, NULL),
(83, 'World in Conflict ', NULL, 'Strategie', '2007-09-18', NULL, NULL, 'worldinconflict.jpg', 'hab digital', NULL, NULL, NULL),
(84, 'Zelda Skyward Sword', 'Zelda', NULL, '2011-11-18', 'Nintendo EAD', '3D', 'zeldaskyward.png', NULL, NULL, '3.670.000', NULL),
(85, 'The Wind Waker', 'Zelda', NULL, '2002-12-13', 'Nintendo EAD', '3D', 'windwakergc.jpg', NULL, NULL, '4.430.000', NULL),
(86, 'The Wind Waker HD', 'Zelda', NULL, '2013-09-26', 'Nintendo EAD', '3D', 'windwakerwiiu.jpg', NULL, NULL, '2.310.000', NULL),
(87, 'The Legend of Zelda 1', 'Zelda', NULL, '1986-02-21', NULL, '2D', 'zelda1.png', 'hab digital', NULL, '6.730.000', NULL),
(88, 'Zelda 2 Adventure of Link', 'Zelda', NULL, '1987-01-14', NULL, '2D', 'zelda2.jpg', 'hab digital', NULL, '4.520.000', NULL),
(89, 'Zelda Link to the Past', 'Zelda', NULL, '1991-11-21', NULL, '2D', 'zeldalinkpast.jpg', 'hab digital', NULL, '7.430.000', NULL),
(90, 'Zelda Oracle of Ages', 'Zelda', NULL, '2001-02-27', NULL, '2D', 'zeldaorcacleages.jpg', NULL, NULL, '3.990.000', NULL),
(91, 'Zelda Oracle of Seasons', 'Zelda', NULL, '2001-02-27', NULL, '2D', 'zeldaocarcleseason.jpg', NULL, NULL, '3.990.000', NULL),
(92, 'Zelda Links Awakening', 'Zelda', NULL, '1993-06-06', NULL, '2D', 'zeldalinkawakeningold.png', NULL, NULL, '6.050.000', NULL),
(93, 'Zelda Links Awakening', 'Zelda', NULL, '2019-09-20', 'Grezzo', '2D', 'zeldalinkawakeningnew.jpg', 'merken', '5.8 GB', '4.380.000', NULL),
(94, 'Zelda Ocarina of Time', 'Zelda', NULL, '1998-11-21', 'Nintendo EAD', '3D', 'zeldaocarinan64.png', NULL, NULL, '7.600.000', NULL),
(95, 'Zelda Four Swords', 'Zelda', NULL, '2002-12-02', NULL, '2D', 'zeldafourswords.jpg', NULL, NULL, '2.820.000', NULL),
(96, 'Zelda Four Swords Adventures', 'Zelda', NULL, '2004-03-18', NULL, '2D', 'zeldafourswordsadventures.jpg', NULL, NULL, '810.000', NULL),
(97, 'Zelda The Minish Cap', 'Zelda', NULL, '2004-11-04', NULL, '2D', 'zeldatheminish.jpg', NULL, NULL, '1.760.000', NULL),
(98, 'Links Crossbow Training', 'Zelda', NULL, '2007-11-19', NULL, '3D', 'Zeldalinkscross.jpg', NULL, NULL, NULL, NULL),
(99, 'Zelda Majoras Mask', 'Zelda', NULL, '2000-04-27', 'Nintendo EAD', '3D', 'zeldamajorasmask64.jpg', NULL, NULL, '3.360.000', NULL),
(100, 'Zelda Twilight Princess', 'Zelda', NULL, '2006-11-19', 'Nintendo EAD', '3D', 'zeldatwilightprincess.jpg', NULL, NULL, '8.850.000', NULL),
(101, 'Zelda Twilight Princess HD', 'Zelda', NULL, '2016-03-04', 'Nintendo EPD, Tantalus', '3D', 'zeldatwilightprincesshd.jpg', NULL, NULL, '1.120.000', NULL),
(102, 'Crysis 3', 'Crysis', 'Shooter', '2013-02-19', 'Crytek', NULL, 'crysis3.jpg', 'hab physisch', NULL, NULL, NULL),
(103, 'Donkey Kong Country ', 'Doney Kong', 'Jump n Run', '1994-11-21', 'Rare', NULL, 'donkeykong1.jpg', 'hab digital', NULL, NULL, NULL),
(104, 'Donkey Kong Country 2', 'Donkey Kong', 'Jump n Run', '1995-11-21', 'Rare', NULL, 'donkeykong2.jpg', 'hab digital', NULL, NULL, NULL),
(105, 'Donkey Kong Country 3', 'Donkey Kong', NULL, '1996-11-22', 'Rare', NULL, 'donkeykong3.jpg', 'hab digital', NULL, NULL, NULL),
(106, 'Pokemon Rot', 'Pokemon', NULL, '1996-02-27', 'GameFreak', NULL, 'pokemonrot.jpg', NULL, NULL, '31.370.000', NULL),
(107, 'Pokemon Blau', 'Pokemon', NULL, '1996-02-27', 'GameFreak', NULL, 'pokemonblau.jpg', NULL, NULL, '31.370.000', NULL),
(108, 'Pokemon Gelb', 'Pokemon', NULL, '1998-09-12', 'GameFreak', NULL, 'pokemongelb.jpg', 'hab physisch', NULL, '14.640.000', NULL),
(109, 'Pokemon Silber', 'Pokemon', NULL, '1999-11-21', 'GameFreak', NULL, 'pokemonsilber.jpg', NULL, NULL, '23.100.000', NULL),
(110, 'Pokemon Gold', 'Pokemon', NULL, '1999-11-21', 'GameFreak', NULL, 'pokemongold.jpg', 'hab physisch', NULL, '23.100.000', NULL),
(111, 'Pokemon Kristall', 'Pokemon', NULL, '2000-12-14', 'GameFreak', NULL, 'pokemonkristall.jpg', 'kaufen', NULL, '6.390.000', NULL),
(112, 'Pokemon Rubin', 'Pokemon', NULL, '2002-11-21', 'GameFreak', NULL, 'pokemonrubin.jpg', 'hab physisch', NULL, '16.220.000', NULL),
(113, 'Pokemon Saphir', 'Pokemon', NULL, '2002-11-21', 'GameFreak', NULL, 'pokemonsaphir.jpg', NULL, NULL, '16.220.000', NULL),
(114, 'Pokemon Smaragd', 'Pokemon', NULL, '2004-09-16', 'GameFreak', NULL, 'pokemonsmaragd.webp', 'hab physisch', NULL, '6.320.000', NULL),
(115, 'Pokemon Feuerrot', 'Pokemon', NULL, '2004-01-29', 'GameFreak', NULL, 'pokemonfeuerrot.jpg', 'hab physisch', NULL, '12.000.000', NULL),
(116, 'Pokemon Blattgrün', 'Pokemon', NULL, '2004-01-29', 'GameFreak', NULL, 'pokemonblattgrün.jpg', 'hab physisch', NULL, '12.000.000', NULL),
(117, 'Pokemon Platin', 'Pokemon', NULL, '2008-09-13', 'GameFreak', NULL, 'pokemonplatin.webp', 'kaufen', NULL, '7.060.000', NULL),
(118, 'Pokemon Mystery Dungeon Team Rot', 'Pokemon', NULL, '2005-11-17', NULL, NULL, 'pokemonmysrot.jpg', NULL, NULL, NULL, NULL),
(119, 'Pokemon Mystery Dungeon Team Blau', 'Pokemon', NULL, '2005-11-17', NULL, NULL, 'pokemonmysblau.jpg', NULL, NULL, NULL, NULL),
(120, 'Pokemon Pinnball: Rubin & Saphir', 'Pokemon', NULL, '2003-08-01', NULL, NULL, 'pokemonpinball.jpg', NULL, NULL, NULL, NULL),
(121, 'Godzilla Domination', NULL, 'Fighting', '2002-11-11', NULL, NULL, 'godzilladomi.jpg', 'merken', NULL, NULL, NULL),
(122, 'Wario Land', 'Super Mario', 'Jump n Run', '1994-01-21', NULL, '2D', 'warioland.jpg', NULL, NULL, NULL, NULL),
(123, 'Wario Land 2', 'Super Mario', 'Jump n Run', '1998-03-01', NULL, NULL, 'warioland2.jpg', NULL, NULL, NULL, NULL),
(124, 'Sims Bustin Out', 'Sims', NULL, '2003-12-02', NULL, NULL, 'simsbustinout.webp', 'downloaden', NULL, NULL, NULL),
(125, 'Cooking Mama', NULL, NULL, '2006-03-23', NULL, NULL, 'cookingmama.jpg', 'downloaden', NULL, NULL, NULL),
(126, 'Pokemon Mystery Dungeon: Erkundungsteam Zeit', 'Pokemon', NULL, '2007-09-13', NULL, NULL, 'pokemonmdzeit.jpg', 'merken', NULL, NULL, NULL),
(127, 'Pokemon Mystery Dungeon: Erkundungsteam Dunkelheit', 'Pokemon', NULL, '2007-09-13', NULL, NULL, 'pokemonmddunkelheit.jpg', 'merken', NULL, NULL, NULL),
(128, 'Pokemon Mystery Dungeon: Erkundungsteam Himmel', 'Pokemon', NULL, '2009-04-18', NULL, NULL, 'pokemonmdhimmel.jpg', 'merken', NULL, NULL, NULL),
(129, 'Pokemon Ranger', 'Pokemon', NULL, '2006-03-23', NULL, NULL, 'pokemonranger.jpg', 'downloaden', NULL, NULL, NULL),
(130, 'Pokemon Ranger: Finsternis über Almia', 'Pokemon', NULL, '2008-03-20', NULL, NULL, 'pokemonrangerfinster.webp', 'merken', NULL, NULL, NULL),
(131, 'Pokemon Ranger: Spuren des Lichts', 'Pokemon', NULL, '2010-03-06', NULL, NULL, 'pokemonrangerlicht.jpg', 'merken', NULL, NULL, NULL),
(132, 'Trauma Center', NULL, NULL, '2005-06-30', NULL, NULL, 'traumacenter.jpg', 'downloaden', NULL, NULL, NULL),
(133, 'Avatar: Into the Inferno', 'Avatar', NULL, '2008-10-13', NULL, NULL, 'avatarinfernods.jpg', 'downloaden', NULL, NULL, NULL),
(134, 'Brain Training', NULL, NULL, '2005-05-19', NULL, NULL, 'brainfitds.jpg', NULL, NULL, NULL, NULL),
(135, 'Pokemon Mystery Dungeon: Portale in die Unendlichkeit', 'Pokemon', NULL, '2012-11-23', NULL, NULL, 'pokemonmdunendlichkeit.jpg', NULL, NULL, NULL, NULL),
(136, 'Pokemon Super Mystery Dungeon', 'Pokemon', NULL, '2015-09-17', NULL, NULL, 'pokemonsupermd.jpg', NULL, NULL, NULL, NULL),
(137, 'Mario Maker 3DS', 'Mario Maker', 'Jump n Run', '2015-09-10', 'Nintendo EAD', NULL, 'mariomakerds.jpg', NULL, NULL, '2.010.000', NULL),
(138, 'Super Smash Bros 3DS', 'Smash Bros', 'Fighting', '2014-09-13', NULL, NULL, 'smashbros3ds.jpg', 'merken', NULL, NULL, NULL),
(139, 'Super Smash Bros Wii U', 'Smash Bros', 'Fighting', '2014-09-13', NULL, NULL, 'smashbroswiiu.png', NULL, NULL, NULL, NULL),
(140, 'Super Smash Bros', 'Smash Bros', 'Fighting', '1999-01-21', NULL, NULL, 'smashbros1.jpg', NULL, NULL, NULL, NULL),
(141, 'Super Smash Bros Brawl', 'Smash Bros', 'Fighting', '2008-01-31', NULL, NULL, 'SmashBrosBrawl.jpg', NULL, NULL, NULL, NULL),
(142, 'Super Smash Bros Melee', 'Smash Bros', 'Fighting', '2001-11-21', NULL, NULL, 'SmashBrosMeele.jpg', 'merken', NULL, NULL, NULL),
(143, 'Cannon Fodder', NULL, NULL, '1993-03-24', NULL, '2D', 'cannonfodder.jpg', NULL, NULL, NULL, NULL),
(144, 'Aero Fighters', NULL, NULL, '1994-11-01', NULL, '2D', 'aerofighters.jpg', NULL, NULL, NULL, NULL),
(145, 'Pinocchio', NULL, NULL, '1996-10-01', NULL, NULL, 'pinoccio.jpg', NULL, NULL, NULL, NULL),
(146, 'Aladdin', NULL, NULL, '1993-11-21', NULL, '2D', 'alladin.jpg', NULL, NULL, NULL, NULL),
(147, 'Jurassic Park', NULL, NULL, '1993-10-01', NULL, '2D', 'jurassicsnes.jpg', NULL, NULL, NULL, NULL),
(148, 'D-Force', NULL, NULL, '1991-12-01', NULL, NULL, 'd-force.jpg', NULL, NULL, NULL, NULL),
(149, 'Jungle Strike', NULL, NULL, '1993-12-16', NULL, '2D', 'junglestrike.webp', NULL, NULL, NULL, NULL),
(150, 'Super Bomberman 3', NULL, NULL, '1995-04-28', NULL, NULL, 'bombamen3.jpg', NULL, NULL, NULL, NULL),
(151, 'Assassins Creed', 'Assassins Creed', NULL, '2007-11-13', NULL, NULL, 'AssassinsCreed1.jpg', 'hab physisch', NULL, NULL, NULL),
(152, 'Assassins Creed 2', 'Assassins Creed', NULL, '2009-11-17', NULL, NULL, 'AssassinsCreed2.jpg', NULL, NULL, NULL, NULL),
(153, 'Assassins Creed Black Flag', 'Assassins Creed', NULL, '2013-10-29', NULL, NULL, 'AssassinsCreedBlackFlag.jpg', 'kaufen', NULL, NULL, NULL),
(154, 'Assassins Creed Revelations', 'Assassins Creed', NULL, '2011-11-15', NULL, NULL, 'assassinscreedrevelations.jpg', NULL, NULL, NULL, NULL),
(155, 'Assassins Creed Rogue', 'Assassins Creed', NULL, '2014-11-11', NULL, NULL, 'AssassinsCreedRogue.jpg', NULL, NULL, NULL, NULL),
(156, 'Assassins Creed Origins', 'Assassins Creed', NULL, '2017-10-27', NULL, NULL, 'AssassinsCreedorigins.png', 'kaufen', NULL, NULL, NULL),
(157, 'Assassins Creed Odyssey', 'Assassins Creed', NULL, '2017-10-02', NULL, NULL, 'AssassinsCreedOdyssey.png', 'kaufen', NULL, NULL, NULL),
(158, 'Fifa 2012', 'Fifa', NULL, '2011-09-27', 'EA Sports', NULL, 'fifa12.jpg', 'hab physisch', NULL, NULL, NULL),
(159, 'GTA Liberty City', 'GTA', NULL, '2005-10-24', 'Rockstar Games', NULL, 'gtalibertycity.jpg', NULL, NULL, NULL, NULL),
(160, 'GTA 4', 'GTA', NULL, '2008-04-29', 'Rockstar Games', NULL, 'gta4.jpg', NULL, NULL, NULL, NULL),
(161, 'GTA San Andreas', 'GTA', NULL, '2004-10-26', 'Rockstar Games', NULL, 'gtasanandreas.jpg', 'hab physisch', NULL, '27.500.000', NULL),
(162, 'GTA Vice City', 'GTA', NULL, '2004-10-26', 'Rockstar Games', NULL, 'gtavice.jpg', NULL, NULL, NULL, NULL),
(163, 'GTA 5', 'GTA', NULL, '2013-09-17', 'Rockstar Games', NULL, 'gta5.jpg', 'hab physisch', NULL, '140.000.000', NULL),
(164, 'Forza 4', 'Forza', 'Racing', '2011-10-11', NULL, NULL, 'forza4.jpg', 'hab physisch', NULL, NULL, NULL),
(165, 'Forza Horizon', 'Forza', 'Racing ', '2012-10-23', NULL, NULL, 'forzahorizon.jpg', NULL, NULL, NULL, NULL),
(166, 'Halo Anniversary', 'Halo', 'Shooter', '2011-11-15', NULL, NULL, 'halo1aniv.webp', 'hab physisch', NULL, NULL, NULL),
(167, 'Halo 4', 'Halo', 'Shooter', '2012-11-06', NULL, NULL, 'halo4.jpg', 'hab physisch', NULL, NULL, NULL),
(168, 'Portal 2', NULL, NULL, '2011-04-18', NULL, NULL, 'portal.jpg', NULL, NULL, NULL, NULL),
(169, 'Arma 3', 'Arma', 'War Shooter', '2013-09-12', NULL, NULL, 'arma3.jpg', 'hab digital', NULL, NULL, NULL),
(170, 'Battlefield 2 Bad Company', 'Battlefield', 'War Shooter', '2010-03-02', 'EA Dice', NULL, 'battlefield2bad.jpg', 'hab physisch', NULL, NULL, NULL),
(171, 'Battlefield 2 Modern Warfare', 'Battlefield', 'War Shooter', '2005-10-24', 'Digital Illusions CE', NULL, 'battlefield2modern.jpg', 'verloren', NULL, NULL, NULL),
(172, 'Battlefield 3', 'Battlefield', 'War Shooter', '2011-10-25', 'EA Dice', NULL, 'battlefield3.jpg', 'hab physisch', NULL, NULL, NULL),
(173, 'Battlefield 4', 'Battlefield', 'War Shooter', '2013-10-29', 'EA Dice', NULL, 'battlefield4.webp', 'hab physisch', NULL, NULL, NULL),
(174, 'Black Ops 2', 'Call of Duty', 'Shooter', '2012-11-12', NULL, NULL, 'blackops2.png', 'verloren', NULL, NULL, NULL),
(175, 'Modern Warfare 1', 'Call of Duty', 'War Shooter', '2007-11-05', NULL, NULL, 'codmw1.jpg', 'hab physisch', NULL, NULL, NULL),
(176, 'Modern Warfare 2', 'Call of Duty', 'War Shooter', '2009-11-10', NULL, NULL, 'codmw2.png', 'verloren', NULL, NULL, NULL),
(177, 'Modern Warfare 3', 'Call of Duty', 'War Shooter', '2011-11-08', NULL, NULL, 'codmw3.jpg', NULL, NULL, NULL, NULL),
(178, 'World at War', 'Call of Duty', 'War Shooter', '2008-11-11', NULL, NULL, 'codworldatwar.png', 'merken', NULL, NULL, NULL),
(179, 'Hitman Absolution', 'Hitman', NULL, '2012-11-20', NULL, NULL, 'hitmanabsolution.webp', 'merken', NULL, NULL, NULL),
(180, 'Dead Space', NULL, 'Shooter', '2008-10-14', NULL, NULL, 'deadspace.jpg', NULL, NULL, NULL, NULL),
(181, 'Titanfall 2', NULL, NULL, '2016-10-28', NULL, NULL, 'titanfall2.jpg', NULL, NULL, NULL, NULL),
(182, 'Titanfall ', NULL, NULL, '2014-03-11', NULL, NULL, 'titanfall.jpg', NULL, NULL, NULL, NULL),
(183, 'Call of Duty 2', 'Call of Duty', 'War Shooter', '2005-10-25', NULL, NULL, 'cod2.webp', 'verloren', NULL, NULL, NULL),
(184, 'Dove', NULL, NULL, NULL, NULL, NULL, 'dove.jpg', NULL, NULL, NULL, NULL),
(185, 'Thrillville 2', NULL, 'Aufbau', '2006-11-21', NULL, NULL, 'Thrillville.png', 'merken', NULL, NULL, NULL),
(186, 'Eye Toy', NULL, NULL, '2003-10-01', NULL, NULL, 'eyetoy.jpg', 'verloren', NULL, NULL, NULL),
(187, 'One Piece Grand Battle', 'One Piece', 'Fighting', '2001-03-15', NULL, NULL, 'onepieceps1.jpg', 'verloren', NULL, NULL, NULL),
(188, 'Digimon Rumble Arena 2', 'Digimon', 'Fighting', '2004-07-29', NULL, NULL, 'digimonrumble.jpg', 'verloren', NULL, NULL, NULL),
(189, 'Die Unglaublichen', NULL, NULL, '2004-10-31', NULL, NULL, 'dieunglaublichen.jpg', 'verloren', NULL, NULL, NULL),
(190, 'Die Unglaublichen Tunnelgräber', NULL, NULL, '2005-10-24', NULL, NULL, 'dieunglaublichen2.jpg', 'verloren', NULL, NULL, NULL),
(191, 'Jimi Neutron', NULL, NULL, '2001-11-07', NULL, NULL, 'jimineutron.jpg', 'verloren', NULL, NULL, NULL),
(192, 'Yugioh Forbidden Memories', 'Yugioh', NULL, '1999-12-09', NULL, NULL, 'yugioh1.jpg', 'verloren', NULL, NULL, NULL),
(193, 'Yugioh Duelists of the Roses', 'Yugioh', NULL, '2001-09-06', NULL, NULL, 'yugiohroses.jpg', 'verloren', NULL, NULL, NULL),
(194, 'Hot Wheels Velocity X', NULL, 'Racing', '2002-10-16', NULL, NULL, 'hotwheels.jpg', 'verloren', NULL, NULL, NULL),
(195, 'Spongebob der Film', 'Spongebob', NULL, '2004-10-27', NULL, NULL, 'spongebobderfilm.jpg', 'verloren', NULL, NULL, NULL),
(196, 'Spongebob Battle for Bikini Bottom', 'Spongebob', NULL, '2003-10-31', NULL, NULL, 'spongebobbattle.jpg', NULL, NULL, NULL, NULL),
(197, 'Bionicle', NULL, NULL, '2003-09-01', NULL, NULL, 'bionicle.jpg', 'hab physisch', NULL, NULL, NULL),
(198, 'Star Wars Battlefront', 'Star Wars', 'Shooter', '2004-09-21', 'Pandemic Studios', NULL, 'starwarsbattlefront1.webp', 'verloren', NULL, NULL, NULL),
(199, 'James Bond 007: Nightfire', NULL, NULL, '2002-11-18', NULL, NULL, '007nightfire.png', 'verloren', NULL, NULL, NULL),
(200, 'James Bond 007: Everything or Nothing', NULL, NULL, '2004-02-17', NULL, NULL, '007everythingofnothing.jpg', 'verloren', NULL, NULL, NULL),
(201, 'Heroes of the Pacific', NULL, NULL, '2005-09-01', NULL, NULL, 'heroesofpacific.jpg', NULL, NULL, NULL, NULL),
(202, 'Point Blank', NULL, 'Shooter', '1997-08-07', NULL, NULL, 'pointblank.jpg', 'verloren', NULL, NULL, NULL),
(203, 'WWE Smackdown vs Raw', NULL, NULL, '2004-11-02', NULL, NULL, 'smackdownraw.png', NULL, NULL, NULL, NULL),
(204, 'Guitar Hero 3', NULL, NULL, '2007-10-28', NULL, NULL, 'guitarhero.jpg', NULL, NULL, NULL, NULL),
(205, 'Hot Wheels Extreme Racing', NULL, 'Racing', '2001-09-25', NULL, NULL, 'hotwheelsextreme.jpg', 'verloren', NULL, NULL, NULL),
(206, 'Call of Duty Finest Hour', 'Call of Duty', 'War Shooter', '2004-11-16', NULL, NULL, 'codfinesthour.jpg', 'verloren', NULL, NULL, NULL),
(207, 'Fifa 2006', 'Fifa', NULL, '2005-09-30', NULL, NULL, 'fifa06.jpg', 'merken', NULL, NULL, NULL),
(208, 'Monster AG', NULL, NULL, '2001-10-30', NULL, NULL, 'monsterag.jpg', 'verloren', NULL, NULL, NULL),
(209, 'Star Wars Battlefront 2', 'Star Wars', 'Shooter', '2005-10-31', 'Pandemic Studios', NULL, 'starwarsbattlefront2.jpg', 'merken', NULL, NULL, NULL),
(210, 'Empire Earth 1', NULL, 'Aufbau Strategie', '2001-11-21', NULL, NULL, 'empireearth1.jpg', 'hab digital', NULL, NULL, NULL),
(211, 'Empire Earth 2', 'Empire Earth', 'Aufbau Strategie', '2005-04-29', NULL, NULL, 'empireearth2.jpg', 'hab digital', NULL, NULL, NULL),
(212, 'World in Conflict Soviet Assault', NULL, 'Strategie', '2009-03-10', NULL, NULL, 'worldinconflictsoviet.jpg', 'hab digital', NULL, NULL, NULL),
(213, 'Siedler 3', 'Siedler', 'Aufbau Strategie', '1998-11-20', 'Blue Byte', NULL, 'siedler3.jpg', 'hab digital', NULL, NULL, NULL),
(214, 'Siedler 4', 'Siedler', 'Aufbau Strategie', '2001-02-15', 'Blue Byte', NULL, 'siedler4.jpg', 'hab digital', NULL, NULL, NULL),
(215, 'Ancient Wars Sparta', NULL, 'Aufbau Strategie', '2007-04-20', NULL, NULL, 'ancientwarssparta.webp', 'downloaden', NULL, NULL, NULL),
(216, 'Rise and Fall ', NULL, 'Aufbau Strategie', '2006-06-12', NULL, NULL, 'riseandfall.webp', 'hab physisch', NULL, NULL, NULL),
(217, 'Rollercoaster 2', NULL, 'Aufbau', '2002-10-15', NULL, NULL, 'rollercoaster2.jpg', 'hab digital', NULL, NULL, NULL),
(218, 'Die Völker', NULL, 'Aufbau Strategie', '1999-05-11', NULL, NULL, 'dievoelker.jpg', 'merken', NULL, NULL, NULL),
(219, 'The Sims ', 'Sims', NULL, '2000-02-04', NULL, NULL, 'sims1pc.jpg', NULL, NULL, NULL, NULL),
(220, 'Zoo Tycoon', NULL, 'Aufbau', '2001-10-17', NULL, NULL, 'zootycoon1.jpg', 'merken', NULL, NULL, NULL),
(221, 'Lego Racers', 'Lego', 'Racing', '1999-07-31', NULL, NULL, 'legoracers1.jpg', 'downloaden', NULL, NULL, NULL),
(222, 'Lego Racers 2', 'Lego', 'Racing', '2001-09-04', NULL, NULL, 'legoracers2.jpg', 'downloaden', NULL, NULL, NULL),
(223, 'Dark Souls 1', 'Dark Souls', NULL, '2011-09-22', 'FromSoftware', NULL, 'darksouls1.jpg', 'hab physisch', '3.9 GB', NULL, NULL),
(224, 'Dark Souls 2', 'Dark Souls', NULL, '2014-03-11', 'FromSoftware', NULL, 'darksouls2.jpg', 'hab digital', NULL, NULL, NULL),
(225, 'Dark Souls 3', 'Dark Souls', NULL, '2016-03-24', 'FromSoftware', NULL, 'darksouls3.jpg', 'hab digital', NULL, NULL, NULL),
(226, 'Order of War', NULL, 'Strategie', '2009-09-22', NULL, NULL, 'orderofwar.jpg', NULL, NULL, NULL, NULL),
(227, 'War Thunder', NULL, NULL, '2016-12-21', NULL, NULL, 'warthunder.png', NULL, NULL, NULL, NULL),
(228, 'Cities Skyline', NULL, 'Aufbau', '2015-03-10', 'Paradox', NULL, 'citiesskyline.jpg', 'hab digital', NULL, NULL, NULL),
(229, 'Age of Empires', NULL, 'Aufbau Strategie', '1997-10-15', NULL, NULL, 'ageofempires.jpg', NULL, NULL, NULL, NULL),
(230, 'Age of Empires 2', NULL, 'Aufbau Strategie', '1999-09-30', NULL, NULL, 'ageofempires2.png', NULL, NULL, NULL, NULL),
(231, 'Anno 2205', 'Anno', 'Aufbau Strategie', '2015-11-03', NULL, NULL, 'anno2205.jpg', NULL, NULL, NULL, NULL),
(232, 'Stronghold 3', 'Stronghold', 'Aufbau Strategie', '2011-10-25', NULL, NULL, 'stronghold3.webp', NULL, NULL, NULL, NULL),
(233, 'Sudden Strike', NULL, 'Strategie', '2000-10-27', NULL, NULL, 'suddenforstrike.jpg', NULL, NULL, NULL, NULL),
(234, 'Imperator Rome', NULL, 'Strategie', '2019-04-26', 'Paradox', NULL, 'imperatorrome.jpg', 'hab digital', NULL, NULL, NULL),
(235, 'Heatseeker', NULL, 'Airfight', '2007-03-30', NULL, NULL, 'heatseeker.jpg', 'merken', NULL, NULL, NULL),
(236, 'Super Mario Galaxy', 'Super Mario Galaxy', 'Jump n Run', '2007-11-01', 'Nintendo EAD Tokyo', NULL, 'mariogalaxy.jpg', 'hab physisch', NULL, '12.800.000', NULL),
(237, 'Super Mario Galaxy 2', 'Super Mario ', 'Jump n Run', '2010-05-23', 'Nintendo EAD Tokyo', NULL, 'mariogalaxy2.jpg', 'hab physisch', NULL, '7.410.000', NULL),
(238, 'Pokemon Battle Revolution', 'Pokemon', NULL, '2006-12-14', NULL, NULL, 'pokemonbattlerevolution.jpg', NULL, NULL, NULL, NULL),
(239, 'Pokepark', 'Pokemon', NULL, '2009-12-05', NULL, NULL, 'pokepark.webp', NULL, NULL, NULL, NULL),
(240, 'Pokepark 2', 'Pokemon', NULL, '2011-11-12', NULL, NULL, 'pokepark2.jpg', NULL, NULL, NULL, NULL),
(241, 'Trauma Center Secret Option', NULL, NULL, '2006-11-19', NULL, NULL, 'traumacenterwii.jpg', NULL, NULL, NULL, NULL),
(242, 'Avatar into the inferno', 'Avatar', NULL, '2008-10-13', NULL, NULL, 'avatarinfernowii.jpg', 'merken', NULL, NULL, NULL),
(243, 'Super Mario Bros Wii', 'Super Mario', 'Jump n Run', '2009-11-12', 'Nintendo EAD', NULL, 'mariobroswii.jpg', NULL, NULL, '30.320.000', NULL),
(244, 'Super Paper Mario Wii', 'Super Mario', NULL, '2007-04-09', NULL, NULL, 'papermariowii.jpg', NULL, NULL, NULL, NULL),
(245, 'Mario Party 9', 'Super Mario', 'Party', '2012-03-02', 'NDcube', NULL, 'marioparty9.jpg', NULL, NULL, NULL, NULL),
(246, 'Wii Music', NULL, NULL, '2008-10-16', NULL, NULL, 'wiimusik.jpg', NULL, NULL, NULL, NULL),
(247, 'Wii Sports', NULL, NULL, '2006-11-19', NULL, NULL, 'wiisports.jpg', NULL, NULL, '82.900.000', NULL),
(248, 'Wii Fit', NULL, NULL, '2007-12-01', NULL, NULL, 'wiifit.webp', NULL, NULL, '42.800.000', NULL),
(249, 'Avatar Burning Earth', 'Avatar', NULL, '2007-10-16', NULL, NULL, 'avatarerde.jpg', 'merken', NULL, NULL, NULL),
(250, 'Mario Kart Wii', 'Super Mario', 'Racing', '2008-04-10', 'Nintendo EAD', NULL, 'mariokartwii.jpg', NULL, NULL, '37.380.000', NULL),
(251, 'Super Mario Bros', 'Super Mario', 'Jump n Run', '1985-09-13', 'Nintendo EAD', '2D', 'mariobros.png', 'hab digital', NULL, '48.240.000', NULL),
(252, 'Super Mario Bros 2', 'Super Mario', 'Jump n Run', '1988-10-09', 'Nintendo EAD', '2D', 'supermariobros2.jpg', 'hab digital', NULL, '13.030.000', NULL),
(253, 'Super Mario Bros 3', 'Super Mario', 'Jump n Run', '1988-10-23', 'Nintendo EAD', '2D', 'supermariobros3.png', 'hab digital', NULL, '23.710.000', NULL),
(254, 'Super Mario Land', 'Super Mario', 'Jump n Run', '1989-04-21', 'Nintendo R&D1', '2D', 'supermarioland.jpg', NULL, NULL, '18.140.000', NULL),
(255, 'Super Mario World', 'Super Mario', 'Jump n Run', '1990-11-21', 'Nintendo EAD', '2D', 'supermarioworld.png', 'hab digital', NULL, '26.300.000', NULL),
(256, 'Super Mario Land 2', 'Super Mario', 'Jump n Run', '1992-10-21', 'Nintendo R&D1', '2D', 'supermarioland2.jpg', NULL, NULL, '11.180.000', NULL),
(257, 'Yoshis Island', 'Super Mario', 'Jump n Run', '1995-08-05', NULL, NULL, 'yoshis island.jpg', NULL, NULL, NULL, NULL),
(258, 'Super Mario 64', 'Super Mario', 'Jump n Run', '1996-06-23', 'Nintendo EAD', NULL, 'marion64.webp', NULL, NULL, '11.910.000', NULL),
(259, 'Super Mario 3D World', 'Super Mario', 'Jump n Run', '2013-11-21', 'Nintendo EAD Tokyo', NULL, 'mario3dworld.jpg', NULL, NULL, '5.860.000', NULL),
(260, 'Pikmin 3 Deluxe', 'Pikmin', 'Strategie', '2020-10-30', 'Nintendo', NULL, 'pikmin3deluxe.jpg', 'kaufen', '6.5 GB', '1.940.000', NULL),
(261, 'Skyrim', NULL, NULL, '2011-11-11', NULL, NULL, 'skyrim.png', 'merken', '14.5 GB', '30.000.000', NULL),
(262, 'Yoshis Craftet World', 'Super Mario', 'Jump n Run', '2019-03-29', 'Good Feel', NULL, 'yoshiscraftetworld.jpg', 'kaufen', '5.6 GB', '1.840.000', NULL),
(263, 'Shinsekai', NULL, NULL, '2019-09-19', NULL, NULL, 'shinsekai.webp', 'merken', '2.2 GB', NULL, NULL),
(264, 'Paper Mario: Origami King', 'Super Mario', NULL, '2020-07-17', 'Intelligent Systems', NULL, 'papermarioorigami.jpg', NULL, '6.5 GB', '3.050.000', NULL),
(265, 'Good Job', NULL, NULL, '2020-03-26', NULL, NULL, 'goodjob.webp', 'merken', '0.42 GB', NULL, NULL),
(266, 'Super Mario Sunshine', 'Super Mario', 'Jump n Run', '2002-07-19', 'Nintendo EAD', NULL, 'mariosunshine.jpg', NULL, NULL, '6.280.000', NULL),
(267, 'Crysis 2', 'Crysis', 'Shooter', '2011-03-21', NULL, NULL, 'crysis2.png', NULL, NULL, NULL, NULL),
(268, 'Call of Duty Black Ops 1', 'Call of Duty', 'Shooter', '2010-11-09', NULL, NULL, 'codblackops1.png', NULL, NULL, NULL, NULL),
(269, 'Dead Space 2', NULL, 'Shooter', '2011-01-25', NULL, NULL, 'deadspace2.jpg', NULL, NULL, NULL, NULL),
(270, 'Dead Space 3', NULL, 'Shooter', '2013-02-05', NULL, NULL, 'deadspace3.jpg', NULL, NULL, NULL, NULL),
(271, 'Zoo Tycoon Dinosaurier', NULL, 'Aufbau', '2002-05-19', NULL, NULL, 'zootycoondino.jpg', NULL, NULL, NULL, NULL),
(272, 'Pokemon Channel', 'Pokemon', NULL, '2003-07-18', 'Ambrella', NULL, 'pokemonchannel.png', NULL, NULL, NULL, NULL),
(273, 'Bloodborn', NULL, NULL, '2015-03-24', 'FromSoftware', NULL, 'bloodborne.jpg', 'kaufen', NULL, NULL, NULL),
(274, 'Sonic Mania', 'Sonic', NULL, '2017-08-15', NULL, NULL, 'sonicmania.jpg', 'kaufen', '0.39 GB', NULL, NULL),
(275, 'Hitman 2', 'Hitman', NULL, '2018-11-13', NULL, NULL, 'hitman2.jpg', NULL, NULL, NULL, NULL),
(276, 'Rome Total War Barbarian Invasion', 'Total War', 'Aufbau Strategie', '2005-09-25', 'Creative Assembly', NULL, 'romebarbarian.jpg', 'hab digital', NULL, NULL, NULL),
(277, 'Hearts of Iron IV', 'Hearts of Iron', 'Strategie', '2016-06-06', 'Paradox', NULL, 'heartsofiron4.jpg', 'hab digital', NULL, NULL, NULL),
(278, 'New Super Mario Bros U', 'Super Mario', 'Jump n Run', '2012-11-18', 'Nintendo EAD', NULL, 'mariobrosu.jpg', NULL, NULL, '5.810.000', NULL),
(279, 'Super Mario Maker', 'Super Mario', 'Jump n Run', '2015-09-10', 'Nintendo EAD', NULL, 'mariomakeru.jpg', NULL, NULL, '4.010.000', NULL),
(280, 'Mario Kart 8', 'Super Mario', 'Racing', '2014-05-29', 'Nintendo EAD', NULL, 'mariokart8u.jpg', NULL, NULL, '8.450.000', NULL),
(281, 'Splatoon', 'Splatoon', 'Shooter', '2015-05-28', 'Nintendo EAD', NULL, 'splatoonu.jpg', NULL, NULL, NULL, NULL),
(282, 'Pikmin 3', 'Pikmin', 'Strategie', '2013-07-13', 'Nintendo', NULL, 'pikmin3u.jpg', NULL, NULL, NULL, NULL),
(283, 'Hyrule Warriors ', 'Zelda', 'Fighting', '2014-09-19', 'Koei Tecmo', NULL, 'hyrulewarriorsu.jpg', NULL, NULL, NULL, NULL),
(284, 'Nintendo Land', NULL, NULL, '2012-11-18', NULL, NULL, 'nintendolandu.jpg', NULL, NULL, NULL, NULL),
(285, 'New Super Luigi U', 'Super Mario', 'Jump n Run', '2013-06-19', 'Nintendo EAD', NULL, 'superluigiu.jpg', NULL, NULL, NULL, NULL),
(286, 'Mario Party 10', 'Super Mario', 'Party', '2015-03-12', 'NDcube', NULL, 'marioparty10.jpg', NULL, NULL, NULL, NULL),
(287, 'Yoshis Wolly World', 'Super Mario', 'Jump n Run', '2015-06-25', 'Good Feel', NULL, 'yoshiswolo.jpg', NULL, NULL, NULL, NULL),
(288, 'Wii Party U', NULL, NULL, '2013-10-25', 'NDcube', NULL, 'wiiparty.jpg', NULL, NULL, NULL, NULL),
(289, 'Lego City Undercover', 'Lego', NULL, '2013-03-18', NULL, NULL, 'legocityunder.jpg', NULL, NULL, NULL, NULL),
(290, 'Captain Toad Treasure Tracker', 'Super Mario', NULL, '2014-11-13', NULL, NULL, 'captaintoad.jpg', NULL, NULL, NULL, NULL),
(291, 'Star Fox Zero', 'Starfox', NULL, '2016-04-21', NULL, NULL, 'starfoxzero.jpg', NULL, NULL, NULL, NULL),
(292, 'Paper Mario Color Splash', 'Super Mario', NULL, '2016-10-07', NULL, NULL, 'papermariocolor.jpg', NULL, NULL, NULL, NULL),
(293, 'Fast Racing Neo', NULL, 'Racing', '2015-12-10', NULL, NULL, 'fastracing.jpg', NULL, NULL, NULL, NULL),
(294, 'Mario Party 64', 'Super Mario', 'Party', '1998-12-18', 'Hudson Soft', NULL, 'marioparty64.jpg', NULL, NULL, NULL, NULL),
(295, 'Mario Party 2', 'Super Mario', 'Party', '1999-12-17', 'Hudson Soft', NULL, 'marioparty2.jpg', NULL, NULL, NULL, NULL),
(296, 'Mario Party 3', 'Super Mario', 'Party', '2000-12-07', 'Hudson Soft', NULL, 'marioparty3.jpg', NULL, NULL, NULL, NULL),
(297, 'Mario Party 4', 'Super Mario', 'Party', '2002-10-21', 'Hudson Soft', NULL, 'marioparty4.jpg', NULL, NULL, NULL, NULL),
(298, 'Mario Party 5', 'Super Mario', 'Party', '2003-11-10', 'Hudson Soft', NULL, 'marioparty5.jpg', NULL, NULL, NULL, NULL),
(299, 'Mario Party 6', 'Super Mario', 'Party', '2004-11-18', 'Hudson Soft', NULL, 'marioparty6.png', NULL, NULL, NULL, NULL),
(300, 'Mario Party Advance', 'Super Mario', 'Party', '2005-01-13', 'Hudson Soft', NULL, 'mariopartyadvance.jpg', NULL, NULL, NULL, NULL),
(301, 'Mario Party 7', 'Super Mario', 'Party', '2005-11-07', 'Hudson Soft', NULL, 'marioparty7.png', NULL, NULL, NULL, NULL),
(302, 'Mario Party 8', 'Super Mario', 'Party', '2007-05-29', 'Hudson Soft', NULL, 'marioparty8.png', NULL, NULL, '8.850.000', NULL),
(303, 'Mario Party Island Tour', 'Super Mario', 'Party', '2013-11-22', 'NDcube', NULL, 'mariopartyisland.png', NULL, NULL, NULL, NULL),
(304, 'Mario Party Star Rush', 'Super Mario', 'Party', '2016-10-07', 'NDcube', NULL, 'mariopartystarrush.png', NULL, NULL, NULL, NULL),
(305, 'Mario Party Top 100', 'Super Mario', 'Party', '2017-11-10', 'NDcube', NULL, 'mariopartytop.jpg', NULL, NULL, NULL, NULL),
(306, 'Super Mario Party', 'Super Mario', 'Party', '2018-10-05', 'NDcube', NULL, 'supermarioparty.jpg', NULL, '2.8 GB', '13.820.000', NULL),
(307, 'Soul Edge', 'Soul Calibur', 'Fighting', '1996-12-20', 'Bandai Namco', NULL, 'souledge.png', NULL, NULL, NULL, NULL),
(308, 'Soul Calibur', 'Soul Calibur', 'Fighting', '1998-07-30', 'Bandai Namco', NULL, 'soulcalibur1.png', NULL, NULL, NULL, NULL),
(309, 'Soul Calibur 2', 'Soul Calibur', 'Fighting', '2002-07-05', 'Bandai Namco', NULL, 'soulcalibur2.jpg', 'merken', NULL, NULL, NULL),
(310, 'Soul Calibur 3', 'Soul Calibur', 'Fighting', '2005-10-25', 'Bandai Namco', NULL, 'soulcalibur3.jpg', NULL, NULL, NULL, NULL),
(311, 'Soul Calibur Legends', 'Soul Calibur', 'Fighting', '2007-11-20', 'Bandai Namco', NULL, 'soulcaliburlegends.jpg', NULL, NULL, NULL, NULL),
(312, 'Soul Calibur 4', 'Soul Calibur', 'Fighting', '2008-07-29', 'Bandai Namco', NULL, 'soulcalibur4.png', NULL, NULL, NULL, NULL),
(313, 'Soul Calibur Broken Destiny', 'Soul Calibur', 'Fighting', '2009-08-27', 'Bandai Namco', NULL, 'soulcaliburpsp.jpg', NULL, NULL, NULL, NULL),
(314, 'Soul Calibur 5', 'Soul Calibur', 'Fighting', '2012-01-31', 'Bandai Namco', NULL, 'soulcalibur5.png', NULL, NULL, NULL, NULL),
(315, 'Soul Calibur Lost Swords', 'Soul Calibur', 'Fighting', '2014-02-06', 'Bandai Namco', NULL, 'soulcaliburlostsword.png', NULL, NULL, NULL, NULL),
(316, 'Soul Calibur 6', 'Soul Calibur', 'Fighting', '2018-10-19', 'Bandai Namco', NULL, 'soulcalibur6.jpg', NULL, NULL, NULL, NULL),
(317, 'Pokemon Stadium', 'Pokemon', NULL, '1999-04-30', 'Nintendo', NULL, 'pokemonstadium.jpg', NULL, NULL, NULL, NULL),
(318, 'Pokemon Stadium 2', 'Pokemon', NULL, '2000-12-14', 'Nintendo', NULL, 'pokemonstadium2.png', NULL, NULL, NULL, NULL),
(319, 'Pokemon Colosseum', 'Pokemon', NULL, '2003-11-21', 'Genius Sonority', NULL, 'pokemoncolosseum.png', 'merken', NULL, NULL, NULL),
(320, 'Pokemon XD', 'Pokemon', NULL, '2005-08-04', 'Genius Sonority', NULL, 'pokemonxd.jpg', 'merken', NULL, NULL, NULL),
(321, 'Ultra Street Fighters 2', 'Street Fighters', 'Fighting', '2017-05-26', 'Capcom', NULL, 'ultrastreetfighters2.jpg', 'merken', '2.7 GB', NULL, NULL),
(322, 'Cyberpunk 2077', NULL, NULL, '2020-12-10', 'CD Projekt', NULL, 'cyberpunk.png', NULL, NULL, NULL, NULL),
(323, 'Assassins Creed Valhallah', 'Assassins Creed', NULL, '2020-11-10', NULL, NULL, 'assassinscreedvalhallah.jpg', NULL, NULL, NULL, NULL),
(324, 'Crusader Kings 2', 'Crusader Kings', 'Strategie', '2012-02-14', 'Paradox', NULL, 'crusaderkings2.jpg', NULL, NULL, NULL, NULL),
(325, 'Crusader Kings 3', 'Crusader Kings', 'Strategie', '2020-09-01', 'Paradox', NULL, 'crusaderkings3.jpg', 'hab digital', NULL, NULL, NULL),
(326, 'Victoria 2', NULL, 'Strategie', '2010-08-13', 'Paradox', NULL, 'victoria2.jpg', NULL, NULL, NULL, NULL),
(327, 'Stellaris', NULL, 'Space', '2016-05-09', 'Paradox', NULL, 'stellaris.jpg', NULL, NULL, NULL, NULL),
(328, 'Pikmin 2', 'Pikmin', 'Strategie', '2004-04-29', 'Nintendo', NULL, 'pikmin2.jpg', NULL, NULL, NULL, NULL),
(329, 'Pikmin 1', 'Pikmin', 'Strategie', '2001-10-26', 'Nintendo', NULL, 'pikmin1.webp', NULL, NULL, NULL, NULL),
(330, 'Sonic the Hedgehog', NULL, NULL, '1991-06-23', NULL, NULL, 'sonic1.jpg', NULL, NULL, NULL, NULL),
(331, 'Sonic the Hedgehog 2', NULL, NULL, '1992-11-21', NULL, NULL, 'sonic2.jpg', NULL, NULL, NULL, NULL),
(332, 'Sonic the Hedgehog 3', NULL, NULL, '1994-02-02', NULL, NULL, 'sonic3.jpg', NULL, NULL, NULL, NULL),
(333, 'Sonic 3D Blast', NULL, NULL, '1996-11-07', NULL, NULL, 'sonic3dblast.jpg', NULL, NULL, NULL, NULL),
(334, 'Sonic Adventure', NULL, NULL, '1998-12-23', NULL, NULL, 'sonicadventure.png', NULL, NULL, NULL, NULL),
(335, 'Sonic Heroes', NULL, NULL, '2003-12-30', NULL, NULL, 'sonicheroes.png', 'verloren', NULL, NULL, NULL),
(336, 'Sonic the Hedgehog 2006', NULL, NULL, '2006-11-14', NULL, NULL, 'sonic2006.jpg', NULL, NULL, NULL, NULL),
(337, 'Sonic Classic Collection', NULL, NULL, '2010-03-02', NULL, NULL, 'sonicclassic.jpg', NULL, NULL, NULL, NULL),
(338, 'Sonic R', NULL, NULL, '1997-11-18', NULL, NULL, 'sonicr.jpg', NULL, NULL, NULL, NULL),
(339, 'One Piece Grand Battle 2', NULL, 'Fighting', '2002-03-20', NULL, NULL, 'onepiece2.jpg', NULL, NULL, NULL, NULL),
(340, 'One Piece World Seeker', NULL, NULL, '2019-03-14', NULL, NULL, 'onepieceworldseeker.jpg', NULL, NULL, NULL, NULL),
(341, 'Paper Mario', 'Super Mario', NULL, '2000-08-11', NULL, NULL, 'papermario1.jpg', NULL, NULL, NULL, NULL),
(342, 'Paper Mario Äonen Tor', 'Super Mario', NULL, '2004-07-22', NULL, NULL, 'papermarioaeon.jpg', NULL, NULL, NULL, NULL),
(343, 'Paper Mario Sticker Star', 'Super Mario', NULL, '2012-11-11', NULL, NULL, 'papermariosticker.jpg', NULL, NULL, NULL, NULL),
(344, 'Halo: The Master Chief Collection', 'Halo', 'Shooter', '2014-11-11', NULL, NULL, 'halomasterchieve.png', NULL, NULL, NULL, NULL),
(345, 'Halo Infinite', NULL, NULL, NULL, NULL, NULL, 'haloinfinite.png', NULL, NULL, NULL, NULL),
(346, 'Battlefield 1', 'Battlefield', 'War Shooter', '2016-10-21', 'EA Dice', NULL, 'battlefield1.jpg', NULL, NULL, NULL, NULL),
(347, 'Battlefield 5', 'Battlefield', 'War Shooter', '2018-11-20', 'EA Dice', NULL, 'battlefield5.jpg', NULL, NULL, NULL, NULL),
(348, 'Battlefield Hardline', 'Battlefield', 'Shooter', '2015-03-17', 'Visceral Games', NULL, 'battlefieldhard.jpg', NULL, NULL, NULL, NULL),
(349, 'Star Wars Battlefront 1 new', NULL, 'Shooter', '2015-11-17', 'EA Dice', NULL, 'starwarsbattlefront1new.jpg', 'kaufen', NULL, NULL, NULL),
(350, 'Star Wars Battlefront 2 new', NULL, 'Shooter', '2017-11-17', 'EA Dice', NULL, 'starwarsbattlefront2new.jpg', 'kaufen', NULL, NULL, NULL),
(351, 'Shogun 2 Fall of the Samurai', 'Total War', 'Strategie', '2012-03-23', 'Creative Assembly', NULL, 'shogun2samuraifall.jpg', 'hab physisch', NULL, NULL, NULL),
(352, 'Medieval 2 Total War Kingdoms', 'Total War', 'Strategie', '2007-08-28', 'Creative Assembly', NULL, 'medieval2kingdoms.png', 'hab digital', NULL, NULL, NULL),
(353, 'Total War Saga Troy', 'Total War', 'Strategie', '2020-08-13', 'Creative Assembly', NULL, 'totalwartroy.jpg', 'hab digital', NULL, NULL, NULL),
(354, 'New Pokemon Snap', 'Pokemon', NULL, '2021-04-30', 'Bandai Namco Studios', NULL, 'newpokemonsnap.webp', NULL, '6.8 GB', NULL, NULL),
(355, 'Street Fighter 2 Turbo', 'Street Fighters', 'Fighting', '1992-06-10', NULL, NULL, 'streetfighter2.jpg', NULL, NULL, NULL, NULL),
(356, 'Sonic Generations', 'Sonic', NULL, '2011-11-01', NULL, NULL, 'SonicGenerations.webp', NULL, NULL, NULL, NULL),
(357, 'Super Mario 3D World + Bowsers Fury', 'Super Mario', 'Jump n Run', '2021-02-12', 'Nintendo EAD Tokyo', NULL, 'supermario3dworldbowser.jpg', 'hab digital', '2.8 GB', NULL, NULL),
(358, 'Ninjala', NULL, NULL, '2020-06-24', 'Soleil Ltd.', NULL, 'ninjala.jpg', NULL, '3.7 GB', NULL, NULL),
(359, 'Immortal Fenyx Rising', NULL, NULL, '2020-12-03', 'Ubisoft', NULL, 'immortalfenyx.jpg', NULL, '15.4 GB', NULL, NULL),
(360, 'Monster Hunter Rise', 'Monster Hunter', NULL, '2021-03-26', 'Capcom', NULL, 'monsterhunteris.jpg', 'hab physisch', '8.7 GB', '5.000.000', NULL),
(361, 'Captain Tsubasa', NULL, NULL, '2020-08-27', NULL, NULL, 'captaintsubasa.jpg', NULL, '14.0 GB', NULL, NULL),
(362, 'Raji', NULL, NULL, '2020-08-18', NULL, NULL, 'raji.png', 'merken', '6.0 GB', NULL, NULL),
(363, 'Lost Wings', NULL, 'Racing', '2020-07-31', NULL, NULL, 'lostwings.jpg', NULL, '0.594 GB', NULL, NULL),
(364, 'Mega Man 11', NULL, NULL, '2018-10-02', 'Capcom', NULL, 'megaman11.jpg', 'kaufen', '2.1 GB', NULL, NULL),
(365, 'Fast RMX', NULL, 'Racing', '2017-03-03', NULL, NULL, 'fastrmx.jpg', NULL, '0.913 GB', NULL, NULL),
(366, 'Monopoly Switch', 'Monopoly', NULL, '2017-10-31', NULL, NULL, 'monopoly.jpg', NULL, '3.6 GB', NULL, NULL),
(367, 'Team Sonic Racing', 'Sonic', 'Racing', '2019-05-21', NULL, NULL, 'teamsonic.jpg', NULL, '7.0 GB', NULL, NULL),
(368, 'Mario + Rabbids Kingdom Battle', 'Super Mario', NULL, '2017-08-29', 'Ubisoft Milan', NULL, 'mariorabbids.jpg', NULL, '2.9 GB', NULL, NULL),
(369, 'One Piece Pirate Warriors 3', 'One Piece', NULL, '2015-03-26', NULL, NULL, 'onepiecewarriors3.jpg', NULL, NULL, NULL, NULL),
(370, 'One Piece Pirate Warriors 4', 'One Piece', NULL, '2020-03-27', NULL, NULL, 'onepiecewarriors4.jpg', NULL, NULL, NULL, NULL),
(371, 'One Piece Unlimited World Red', 'One Piece', NULL, '2017-08-24', NULL, NULL, 'onepieceunlimited.jpg', NULL, NULL, NULL, NULL),
(372, 'Monster Hunter Generations', 'Monster Hunter', NULL, '2017-08-25', 'Capcom', NULL, 'monsterhuntergen.jpg', 'merken', '11.5 GB', NULL, NULL),
(373, 'Dragon Quest XI', 'Dragon Quest', 'RPG', '2017-07-29', 'Square Enix', NULL, 'dragonquestxi.jpg', 'kaufen', '13.9 GB', NULL, NULL),
(374, 'Xenoblade Chronicles 2', 'Xenoblade', NULL, '2017-12-01', 'Monolith Soft', NULL, 'xenoblade2.jpg', 'hab physisch', '13.1 GB', '1.920.000', NULL),
(375, 'Xenoblade Chronicles Definitive Edition', 'Xenoblade', NULL, '2020-05-29', 'Monolith Soft', NULL, 'xenobladedefinitive.jpg', 'hab physisch', '13.7 GB', '1.480.000', NULL),
(376, 'Xenoblade Chronicles', 'Xenoblade', NULL, '2010-06-10', 'Monolith Soft', NULL, 'xenobladewii.png', NULL, NULL, NULL, NULL),
(377, '41 Spieleklassiker', NULL, NULL, '2005-11-03', NULL, NULL, '41spieleklassiker.jpg', 'downloaden', NULL, NULL, NULL),
(378, 'Samus Returns', 'Metroid', NULL, '2017-09-15', NULL, '2D', 'metroidsamusreturns.jpg', 'kaufen', NULL, NULL, NULL),
(379, 'Age of Empires 4', NULL, 'Strategie', NULL, NULL, NULL, NULL, 'kaufen', NULL, NULL, NULL),
(380, 'Die Siedler 2021', NULL, 'Strategie', NULL, NULL, NULL, NULL, 'kaufen', NULL, NULL, NULL),
(381, 'Command and Conquer Generals', 'Command and Conquer', 'Strategie', '2003-02-10', NULL, NULL, 'commandandconquergenerals.webp', 'merken', NULL, NULL, NULL),
(382, 'Dragon Quest Builders', 'Dragon Quest', NULL, '2016-01-28', NULL, NULL, 'dragonquestbuilders1.jpg', NULL, '0.816 GB', NULL, NULL),
(383, 'Fall Guys', NULL, 'Party', '2020-08-04', NULL, NULL, 'fallguys.jpg', 'merken', NULL, NULL, NULL),
(384, 'Dragon Quest Builders 2', 'Dragon Quest', NULL, '2018-12-20', NULL, NULL, 'dragonquestbuilders2.jpg', 'merken', '1.7 GB', NULL, NULL),
(385, 'Empires die Neuzeit', NULL, 'Strategie', '2003-10-21', NULL, NULL, 'empiresneuzeit.jpg', 'merken', NULL, NULL, NULL),
(386, 'Act of Aggression', NULL, 'Strategie', '2015-09-02', 'Eugen Systems', NULL, 'actofaggression.jpg', 'merken', NULL, NULL, NULL);
INSERT INTO `spiele` (`Spielid`, `Spielename`, `Spieleserie`, `Genre`, `Erscheinungsjahr`, `Entwickler`, `Dimension`, `Bild`, `Status`, `GrößeGB`, `AnzahlVerkauft`, `Text`) VALUES
(387, 'Age of Empires 3', NULL, NULL, NULL, NULL, NULL, NULL, NULL, NULL, NULL, NULL),
(388, 'Advance Wars', NULL, NULL, NULL, NULL, NULL, 'advancewars.jpg', NULL, NULL, NULL, NULL),
(389, 'Limbo', NULL, NULL, NULL, NULL, NULL, 'limbo.jpg', 'hab digital', NULL, NULL, NULL),
(390, 'Xenoblade Chronicles X', 'Xenoblade', NULL, '2015-04-29', 'Monolith Soft', NULL, 'xenobladex.jpg', NULL, NULL, NULL, NULL),
(391, 'Monster Hunter World', NULL, NULL, '2017-12-22', 'Capcom', NULL, 'monsterhunterworld.jpg', NULL, NULL, NULL, NULL),
(392, 'Sekiro', NULL, NULL, '2019-03-22', 'From Software', NULL, 'sekiro.jpg', NULL, NULL, NULL, NULL),
(393, 'Pokemon Brilliant Diamant', 'Pokemon', NULL, NULL, 'ILCA', NULL, 'pokemondiamant2.webp', 'kaufen', NULL, NULL, NULL),
(394, 'Pokemon Shining Pearl', 'Pokemon', NULL, NULL, 'ILCA', NULL, 'pokemonpearl2.jpg', 'merken', NULL, NULL, NULL),
(395, 'Pokemon Legends Arceus', 'Pokemon', NULL, NULL, 'GameFreak', NULL, 'pokemonlegends.png', 'kaufen', NULL, NULL, NULL),
(396, 'Zelda Skyward Sword HD', 'Zelda', NULL, '2021-07-16', 'Nintendo EPD', NULL, 'zeldaskywardhd.jpg', 'kaufen', NULL, NULL, NULL),
(397, 'Splatoon 3', 'Splatoon', NULL, NULL, NULL, NULL, 'splatoon3.jpg', 'kaufen', NULL, NULL, NULL),
(398, 'Samurai Warriors', NULL, NULL, NULL, NULL, NULL, NULL, NULL, NULL, NULL, NULL),
(399, 'Demon Souls', NULL, NULL, NULL, NULL, NULL, NULL, NULL, NULL, NULL, NULL),
(400, 'Rome Total War Remastered', 'Total War', 'Strategie', '2021-04-29', NULL, NULL, 'romeremastered.jpg', 'hab digital', NULL, NULL, NULL),
(401, 'Animal Crossing New Horizons', 'Animal Crossing', NULL, NULL, 'Nintendo EPD', NULL, 'animalcrossingnewhorizon.jpg', NULL, NULL, '31.180.000', NULL),
(402, 'Captain Toad Treasure Tracker Switch', 'Super Mario', NULL, '2018-07-13', 'Nintendo EAD Tokyo', '3D', 'captaintoadswitch.jpg', 'kaufen', NULL, NULL, NULL),
(403, 'Battlefield 6', NULL, NULL, '2021-04-30', NULL, NULL, NULL, 'kaufen', NULL, NULL, NULL),
(404, 'Air Missions: Hind', NULL, NULL, NULL, NULL, NULL, NULL, 'kaufen', NULL, NULL, NULL),
(405, 'Capcom Arcade Stadium', NULL, NULL, NULL, NULL, NULL, NULL, NULL, NULL, NULL, NULL),
(406, 'Spielestudio', NULL, NULL, '2021-05-11', NULL, NULL, NULL, 'kaufen', NULL, NULL, NULL),
(407, 'Battlefield 2042', NULL, NULL, '2021-06-10', NULL, NULL, NULL, 'kaufen', NULL, NULL, NULL);

-- --------------------------------------------------------

--
-- Table structure for table `spielekonsole`
--

CREATE TABLE `spielekonsole` (
  `Spielid` int(10) NOT NULL,
  `Konsoleid` int(10) NOT NULL
) ENGINE=InnoDB DEFAULT CHARSET=latin1;

--
-- Dumping data for table `spielekonsole`
--

INSERT INTO `spielekonsole` (`Spielid`, `Konsoleid`) VALUES
(68, 21),
(38, 17),
(72, 21),
(71, 21),
(73, 21),
(75, 21),
(74, 21),
(70, 21),
(76, 21),
(77, 21),
(80, 21),
(81, 21),
(82, 21),
(102, 8),
(102, 9),
(105, 2),
(118, 16),
(119, 17),
(120, 16),
(39, 17),
(134, 17),
(135, 18),
(136, 18),
(145, 2),
(148, 2),
(150, 2),
(151, 8),
(151, 9),
(151, 12),
(151, 11),
(151, 21),
(154, 11),
(154, 12),
(154, 9),
(154, 8),
(154, 21),
(155, 11),
(155, 12),
(155, 9),
(155, 8),
(155, 21),
(158, 8),
(158, 9),
(159, 6),
(159, 19),
(160, 8),
(160, 9),
(160, 21),
(162, 21),
(162, 7),
(162, 6),
(168, 8),
(168, 9),
(168, 21),
(181, 21),
(181, 12),
(181, 11),
(182, 21),
(182, 12),
(182, 11),
(182, 8),
(182, 14),
(196, 6),
(196, 5),
(196, 21),
(196, 7),
(201, 6),
(201, 7),
(201, 21),
(203, 6),
(204, 6),
(227, 21),
(227, 11),
(227, 28),
(227, 12),
(227, 27),
(238, 10),
(239, 10),
(240, 10),
(241, 10),
(244, 10),
(246, 10),
(143, 2),
(147, 2),
(146, 2),
(149, 2),
(144, 2),
(197, 6),
(197, 5),
(197, 21),
(197, 7),
(210, 21),
(229, 21),
(230, 21),
(64, 21),
(175, 8),
(175, 9),
(175, 21),
(176, 8),
(176, 9),
(176, 21),
(226, 21),
(177, 8),
(177, 9),
(177, 21),
(141, 10),
(40, 10),
(40, 18),
(164, 8),
(166, 8),
(165, 8),
(167, 8),
(167, 11),
(257, 15),
(98, 10),
(169, 21),
(138, 18),
(234, 21),
(213, 21),
(139, 13),
(245, 10),
(316, 12),
(316, 11),
(316, 21),
(307, 4),
(308, 8),
(310, 6),
(311, 10),
(312, 9),
(312, 8),
(313, 19),
(314, 9),
(314, 8),
(315, 9),
(318, 3),
(317, 3),
(272, 5),
(322, 28),
(322, 27),
(322, 21),
(152, 11),
(152, 12),
(152, 9),
(152, 8),
(152, 21),
(61, 21),
(67, 21),
(288, 13),
(284, 13),
(327, 21),
(327, 12),
(327, 11),
(326, 21),
(289, 13),
(291, 13),
(292, 13),
(290, 13),
(294, 3),
(295, 3),
(219, 21),
(296, 3),
(214, 21),
(297, 5),
(298, 5),
(299, 5),
(300, 16),
(301, 5),
(65, 21),
(63, 21),
(62, 21),
(232, 21),
(66, 21),
(303, 18),
(224, 21),
(224, 9),
(224, 8),
(224, 12),
(224, 11),
(286, 13),
(231, 21),
(277, 21),
(304, 18),
(27, 21),
(27, 14),
(27, 12),
(27, 11),
(79, 21),
(305, 18),
(275, 11),
(275, 12),
(275, 21),
(78, 21),
(323, 27),
(323, 28),
(323, 11),
(323, 12),
(323, 21),
(122, 15),
(103, 2),
(104, 2),
(123, 15),
(140, 3),
(329, 5),
(271, 21),
(217, 21),
(328, 5),
(185, 19),
(185, 6),
(180, 9),
(180, 8),
(180, 21),
(268, 8),
(268, 9),
(268, 21),
(269, 9),
(269, 8),
(269, 21),
(267, 8),
(267, 9),
(267, 21),
(270, 9),
(270, 8),
(270, 21),
(282, 13),
(283, 13),
(293, 13),
(332, 24),
(337, 17),
(330, 24),
(330, 22),
(331, 24),
(331, 22),
(333, 24),
(333, 21),
(333, 22),
(334, 5),
(334, 23),
(334, 21),
(336, 9),
(336, 8),
(338, 21),
(338, 6),
(338, 5),
(339, 4),
(340, 11),
(340, 12),
(340, 21),
(344, 11),
(345, 28),
(351, 21),
(352, 21),
(276, 21),
(69, 21),
(353, 21),
(209, 6),
(209, 4),
(209, 21),
(209, 7),
(173, 21),
(173, 9),
(173, 8),
(173, 11),
(173, 12),
(172, 21),
(172, 9),
(172, 8),
(170, 21),
(170, 8),
(170, 9),
(348, 11),
(348, 12),
(348, 21),
(348, 8),
(348, 9),
(346, 11),
(346, 12),
(346, 21),
(347, 11),
(347, 12),
(347, 21),
(355, 2),
(130, 17),
(131, 17),
(174, 11),
(174, 8),
(174, 9),
(174, 21),
(356, 9),
(356, 8),
(356, 18),
(356, 21),
(342, 5),
(341, 3),
(343, 18),
(369, 12),
(369, 14),
(370, 12),
(370, 11),
(370, 14),
(371, 14),
(371, 12),
(249, 10),
(242, 10),
(178, 9),
(178, 8),
(178, 21),
(179, 9),
(179, 8),
(179, 21),
(126, 17),
(127, 17),
(128, 17),
(233, 21),
(188, 6),
(188, 5),
(188, 7),
(194, 6),
(194, 5),
(194, 21),
(220, 21),
(218, 21),
(309, 5),
(309, 6),
(309, 8),
(309, 7),
(309, 9),
(121, 16),
(207, 16),
(28, 14),
(321, 14),
(24, 14),
(8, 14),
(26, 14),
(26, 12),
(26, 11),
(26, 21),
(363, 14),
(363, 21),
(361, 14),
(361, 12),
(359, 12),
(359, 11),
(359, 21),
(359, 14),
(23, 14),
(23, 11),
(23, 12),
(23, 21),
(23, 9),
(23, 8),
(22, 14),
(22, 12),
(22, 11),
(22, 8),
(22, 9),
(22, 21),
(365, 14),
(366, 14),
(367, 14),
(367, 12),
(367, 11),
(211, 21),
(212, 21),
(83, 21),
(228, 21),
(228, 11),
(228, 12),
(228, 14),
(325, 21),
(381, 21),
(385, 21),
(386, 21),
(384, 14),
(382, 14),
(382, 9),
(382, 12),
(324, 21),
(319, 5),
(320, 5),
(142, 5),
(263, 14),
(265, 14),
(362, 12),
(362, 11),
(362, 14),
(383, 21),
(274, 14),
(202, 6),
(192, 4),
(187, 4),
(193, 6),
(205, 4),
(208, 6),
(208, 4),
(191, 6),
(191, 5),
(199, 6),
(199, 5),
(199, 7),
(186, 6),
(200, 6),
(200, 5),
(200, 7),
(198, 6),
(198, 7),
(198, 21),
(195, 6),
(195, 5),
(195, 21),
(195, 7),
(189, 6),
(189, 5),
(189, 7),
(206, 6),
(206, 5),
(206, 7),
(171, 6),
(171, 7),
(190, 6),
(190, 5),
(190, 7),
(183, 21),
(183, 8),
(216, 21),
(235, 6),
(235, 10),
(378, 18),
(335, 5),
(335, 6),
(335, 7),
(335, 21),
(372, 14),
(223, 21),
(223, 9),
(223, 8),
(223, 12),
(223, 11),
(223, 14),
(225, 21),
(225, 9),
(225, 8),
(225, 12),
(225, 11),
(398, 14),
(376, 10),
(390, 13),
(357, 14),
(281, 13),
(285, 13),
(287, 13),
(368, 14),
(373, 14),
(373, 12),
(373, 11),
(19, 14),
(25, 12),
(25, 11),
(25, 14),
(25, 21),
(358, 14),
(354, 14),
(388, 16),
(364, 12),
(364, 11),
(364, 14),
(396, 14),
(400, 21),
(221, 21),
(60, 17),
(133, 17),
(393, 14),
(395, 14),
(397, 14),
(394, 14),
(377, 17),
(132, 17),
(124, 6),
(124, 5),
(124, 7),
(124, 16),
(222, 21),
(125, 17),
(129, 17),
(215, 21),
(350, 12),
(350, 11),
(350, 21),
(153, 11),
(153, 12),
(153, 9),
(153, 8),
(153, 21),
(273, 12),
(273, 11),
(273, 21),
(349, 12),
(349, 11),
(349, 21),
(157, 11),
(157, 12),
(157, 9),
(157, 8),
(157, 21),
(156, 11),
(156, 12),
(156, 9),
(156, 8),
(156, 21),
(20, 14),
(20, 13),
(20, 12),
(20, 9),
(20, 8),
(20, 21),
(106, 15),
(107, 15),
(108, 15),
(109, 15),
(110, 15),
(111, 15),
(112, 16),
(113, 16),
(115, 16),
(116, 16),
(114, 16),
(52, 17),
(53, 17),
(44, 17),
(42, 17),
(43, 17),
(50, 17),
(51, 17),
(35, 18),
(36, 18),
(47, 18),
(48, 18),
(30, 18),
(31, 18),
(32, 18),
(33, 18),
(14, 14),
(15, 14),
(17, 14),
(18, 14),
(16, 14),
(10, 14),
(3, 14),
(1, 14),
(1, 13),
(13, 14),
(306, 14),
(4, 14),
(6, 14),
(11, 14),
(9, 14),
(360, 14),
(93, 14),
(2, 14),
(264, 14),
(5, 13),
(5, 14),
(21, 14),
(12, 14),
(260, 14),
(374, 14),
(262, 14),
(375, 14),
(7, 13),
(7, 14),
(84, 10),
(97, 16),
(95, 16),
(94, 3),
(29, 18),
(89, 2),
(92, 15),
(90, 15),
(91, 15),
(34, 18),
(41, 18),
(87, 1),
(88, 1),
(99, 3),
(54, 18),
(100, 5),
(100, 10),
(101, 13),
(96, 5),
(85, 5),
(86, 13),
(55, 17),
(56, 17),
(251, 1),
(250, 10),
(49, 17),
(243, 10),
(255, 16),
(255, 2),
(253, 1),
(58, 17),
(258, 3),
(46, 17),
(59, 18),
(254, 15),
(57, 18),
(236, 10),
(237, 10),
(37, 18),
(256, 15),
(302, 10),
(266, 5),
(259, 13),
(278, 13),
(252, 1),
(279, 13),
(137, 18),
(163, 21),
(163, 8),
(163, 9),
(163, 12),
(163, 11),
(247, 10),
(248, 10),
(280, 13),
(261, 8),
(261, 9),
(261, 12),
(261, 11),
(261, 21),
(261, 14),
(161, 8),
(161, 9),
(161, 21),
(161, 7),
(161, 6),
(402, 14),
(401, 14),
(117, 17),
(45, 17),
(379, 21),
(380, 21),
(406, 14),
(407, 21);

--
-- Indexes for dumped tables
--

--
-- Indexes for table `konsole`
--
ALTER TABLE `konsole`
  ADD PRIMARY KEY (`Konsoleid`);

--
-- Indexes for table `spiele`
--
ALTER TABLE `spiele`
  ADD PRIMARY KEY (`Spielid`);

--
-- Indexes for table `spielekonsole`
--
ALTER TABLE `spielekonsole`
  ADD KEY `Spielid` (`Spielid`),
  ADD KEY `Konsoleid` (`Konsoleid`);

--
-- AUTO_INCREMENT for dumped tables
--

--
-- AUTO_INCREMENT for table `konsole`
--
ALTER TABLE `konsole`
  MODIFY `Konsoleid` int(10) NOT NULL AUTO_INCREMENT, AUTO_INCREMENT=29;

--
-- AUTO_INCREMENT for table `spiele`
--
ALTER TABLE `spiele`
  MODIFY `Spielid` int(10) NOT NULL AUTO_INCREMENT, AUTO_INCREMENT=408;

--
-- Constraints for dumped tables
--

--
-- Constraints for table `spielekonsole`
--
ALTER TABLE `spielekonsole`
  ADD CONSTRAINT `spielekonsole_ibfk_1` FOREIGN KEY (`Spielid`) REFERENCES `spiele` (`Spielid`),
  ADD CONSTRAINT `spielekonsole_ibfk_2` FOREIGN KEY (`Konsoleid`) REFERENCES `konsole` (`Konsoleid`);
COMMIT;

/*!40101 SET CHARACTER_SET_CLIENT=@OLD_CHARACTER_SET_CLIENT */;
/*!40101 SET CHARACTER_SET_RESULTS=@OLD_CHARACTER_SET_RESULTS */;
/*!40101 SET COLLATION_CONNECTION=@OLD_COLLATION_CONNECTION */;
