-- phpMyAdmin SQL Dump
-- version 4.9.0.1
-- https://www.phpmyadmin.net/
--
-- Host: 127.0.0.1
-- Generation Time: Jun 12, 2021 at 09:55 PM
-- Server version: 10.4.6-MariaDB
-- PHP Version: 7.3.9

SET SQL_MODE = "NO_AUTO_VALUE_ON_ZERO";
SET AUTOCOMMIT = 0;
START TRANSACTION;
SET time_zone = "+00:00";


/*!40101 SET @OLD_CHARACTER_SET_CLIENT=@@CHARACTER_SET_CLIENT */;
/*!40101 SET @OLD_CHARACTER_SET_RESULTS=@@CHARACTER_SET_RESULTS */;
/*!40101 SET @OLD_COLLATION_CONNECTION=@@COLLATION_CONNECTION */;
/*!40101 SET NAMES utf8mb4 */;

--
-- Database: `timestats`
--

-- --------------------------------------------------------

--
-- Table structure for table `testneu`
--

CREATE TABLE `testneu` (
  `datum_id` int(11) NOT NULL,
  `datum` datetime NOT NULL,
  `text` varchar(50) DEFAULT NULL
) ENGINE=InnoDB DEFAULT CHARSET=latin1;

--
-- Dumping data for table `testneu`
--

INSERT INTO `testneu` (`datum_id`, `datum`, `text`) VALUES
(1, '2020-12-13 21:41:00', NULL),
(2, '2020-12-08 21:41:00', NULL),
(3, '2020-12-08 21:41:00', NULL),
(4, '2020-12-09 21:41:00', NULL),
(5, '2020-12-10 21:41:00', NULL),
(6, '2020-12-10 21:41:00', NULL),
(7, '2020-12-15 21:50:00', NULL),
(8, '2020-12-15 21:50:00', NULL),
(9, '2020-12-15 21:50:00', NULL),
(10, '2020-12-15 21:50:00', NULL),
(11, '2020-12-15 21:50:00', NULL),
(12, '2020-12-16 21:50:00', NULL),
(13, '2020-12-17 21:50:00', NULL),
(14, '2020-12-14 17:27:00', NULL),
(15, '2020-12-15 01:30:00', NULL),
(16, '2020-12-30 01:30:00', NULL),
(17, '2020-12-30 01:30:00', NULL),
(18, '2020-12-31 03:17:00', NULL),
(19, '2021-12-31 03:17:00', NULL),
(20, '2021-03-12 03:17:00', NULL),
(21, '2021-03-12 03:17:00', NULL),
(22, '2021-03-13 03:17:00', NULL),
(23, '2021-03-17 03:17:00', NULL),
(24, '2021-03-16 03:17:00', NULL),
(25, '2021-03-30 03:17:00', NULL),
(26, '2021-03-30 03:17:00', NULL),
(27, '2021-03-30 03:17:00', NULL),
(28, '2021-03-31 03:17:00', NULL),
(29, '2021-03-31 03:17:00', NULL),
(30, '2021-04-01 03:17:00', NULL),
(31, '2021-04-02 03:17:00', NULL),
(32, '2021-04-04 03:17:00', NULL),
(33, '2021-04-06 03:17:00', NULL),
(34, '2021-04-05 03:17:00', NULL),
(35, '2021-04-05 03:17:00', NULL),
(36, '2021-07-05 03:17:00', NULL),
(37, '2021-07-07 03:17:00', NULL),
(38, '2021-07-07 03:17:00', NULL),
(39, '2021-07-08 03:17:00', NULL),
(40, '2021-07-09 03:17:00', NULL),
(41, '2021-07-10 03:17:00', NULL),
(42, '2021-07-11 03:17:00', NULL),
(43, '2021-07-11 03:17:00', NULL),
(44, '2021-07-11 03:17:00', NULL),
(45, '2021-07-11 03:17:00', NULL),
(46, '2021-07-12 03:17:00', NULL),
(47, '2021-07-12 03:17:00', NULL),
(48, '2021-07-13 03:17:00', NULL),
(49, '2021-07-14 03:17:00', NULL),
(50, '2021-07-17 03:17:00', NULL),
(51, '2021-07-17 03:17:00', NULL),
(52, '2021-07-18 03:17:00', NULL),
(53, '2021-07-18 03:17:00', NULL),
(54, '2021-07-19 03:17:00', NULL),
(55, '2021-07-20 03:17:00', NULL),
(56, '2021-07-21 03:17:00', NULL),
(57, '2021-07-22 03:17:00', NULL),
(58, '2021-07-23 03:17:00', NULL),
(59, '2021-07-23 03:17:00', NULL),
(60, '2021-07-24 03:17:00', NULL),
(61, '2021-08-24 03:17:00', NULL),
(62, '2021-08-28 03:17:00', NULL),
(63, '2021-08-29 03:17:00', NULL),
(64, '2021-09-20 03:17:00', NULL),
(65, '2021-09-20 03:17:00', NULL),
(66, '2021-09-20 03:17:00', NULL),
(67, '2021-09-19 03:17:00', NULL),
(68, '2021-09-19 03:17:00', NULL),
(69, '2021-09-18 03:17:00', NULL),
(70, '2021-09-21 00:00:00', NULL),
(71, '2021-09-22 00:00:00', NULL),
(72, '2021-09-21 00:00:00', NULL),
(73, '2021-09-23 00:00:00', NULL),
(74, '2021-09-24 00:00:00', NULL),
(75, '2021-09-24 00:00:00', NULL),
(76, '2021-09-25 00:00:00', NULL),
(77, '2021-03-06 12:02:00', NULL),
(78, '2021-03-06 12:02:00', NULL),
(79, '2021-03-06 12:02:00', NULL),
(80, '2022-01-06 12:02:00', NULL),
(81, '2021-04-01 14:18:00', NULL),
(82, '2021-04-12 11:03:00', NULL),
(83, '2021-04-13 11:03:00', NULL),
(84, '2021-04-14 11:03:00', NULL),
(85, '2021-04-15 11:03:00', NULL),
(86, '2021-04-20 13:28:00', NULL),
(87, '2021-04-21 13:28:00', NULL),
(88, '2021-04-22 13:28:00', NULL),
(89, '2021-04-23 13:28:00', NULL),
(90, '2021-04-25 13:28:00', NULL),
(91, '2021-04-27 13:28:00', NULL),
(92, '2021-04-30 13:28:00', NULL),
(93, '2021-05-20 13:54:00', NULL),
(94, '2021-05-22 13:54:00', NULL),
(95, '2021-05-23 13:54:00', NULL),
(96, '2021-05-24 13:54:00', NULL),
(97, '2021-05-25 13:54:00', NULL),
(98, '2021-05-25 13:54:00', NULL),
(99, '2021-05-27 13:54:00', NULL),
(100, '2021-05-28 13:54:00', NULL),
(101, '2021-06-02 13:54:00', NULL),
(102, '2021-06-05 13:54:00', NULL),
(103, '2021-06-06 13:54:00', NULL),
(104, '2021-06-07 13:54:00', NULL),
(105, '2021-06-09 13:54:00', NULL),
(106, '2021-06-10 13:54:00', NULL),
(107, '2021-06-12 13:54:00', NULL),
(108, '2021-06-12 13:54:00', NULL),
(109, '2021-06-13 13:54:00', NULL),
(110, '2021-06-14 13:54:00', NULL),
(111, '2021-06-16 13:54:00', NULL),
(112, '2021-04-12 14:41:00', NULL),
(113, '2021-04-12 14:56:00', NULL),
(114, '2021-04-14 13:16:00', NULL),
(115, '2019-04-15 15:43:00', NULL),
(116, '2021-04-17 00:33:00', NULL),
(117, '2021-04-17 00:33:00', NULL),
(118, '2021-04-17 00:33:00', NULL),
(119, '2021-04-17 00:33:00', NULL),
(120, '2021-04-17 00:33:00', NULL),
(121, '2021-04-17 00:33:00', NULL),
(122, '2021-04-21 00:33:00', NULL),
(123, '2021-04-21 00:33:00', NULL),
(124, '2021-04-21 00:33:00', NULL),
(125, '2021-04-21 00:33:00', NULL),
(126, '2021-04-21 00:33:00', NULL),
(127, '2021-04-21 00:33:00', NULL),
(128, '2021-04-21 00:33:00', NULL),
(129, '2021-04-21 00:33:00', NULL),
(130, '2021-04-21 00:33:00', NULL),
(131, '2021-04-21 00:33:00', NULL),
(132, '2021-04-21 00:33:00', NULL),
(133, '2021-04-21 00:33:00', NULL),
(134, '2021-04-21 00:33:00', NULL),
(135, '2021-04-21 00:33:00', NULL),
(136, '2021-04-09 00:33:00', NULL),
(137, '2021-04-09 00:33:00', NULL),
(138, '2021-04-09 00:33:00', NULL),
(139, '2021-04-08 22:18:00', NULL),
(140, '2021-04-08 22:18:00', NULL),
(141, '2021-04-27 20:24:00', NULL),
(142, '2021-04-27 20:24:00', NULL),
(143, '2021-04-27 20:24:00', NULL),
(144, '2021-01-27 20:24:00', NULL),
(145, '2021-01-27 20:24:00', NULL),
(146, '2021-01-27 20:24:00', NULL),
(147, '2021-01-27 20:24:00', NULL),
(148, '2021-01-27 20:24:00', NULL),
(149, '2021-01-27 20:24:00', NULL),
(150, '2021-01-27 20:24:00', NULL),
(151, '2021-01-28 20:24:00', NULL),
(152, '2021-01-28 20:24:00', NULL),
(153, '2021-01-28 20:24:00', NULL),
(154, '2021-01-28 20:24:00', NULL),
(155, '2021-01-29 20:24:00', NULL),
(156, '2021-01-29 20:24:00', NULL),
(157, '2021-05-27 06:50:00', NULL),
(158, '2019-05-27 06:50:00', NULL),
(159, '2019-05-27 06:50:00', NULL),
(160, '2019-05-28 06:50:00', NULL),
(161, '2021-06-03 01:12:00', NULL),
(162, '2021-06-04 21:25:00', NULL),
(163, '2021-06-06 15:42:00', NULL),
(164, '2021-06-07 18:42:00', NULL),
(165, '2021-06-07 18:42:00', NULL),
(166, '2021-06-07 18:42:00', NULL),
(167, '2021-06-07 18:44:00', NULL),
(168, '2021-06-07 18:44:00', NULL);

-- --------------------------------------------------------

--
-- Table structure for table `tesu`
--

CREATE TABLE `tesu` (
  `datum_id` int(11) NOT NULL,
  `datum` datetime NOT NULL,
  `text` varchar(50) DEFAULT NULL
) ENGINE=InnoDB DEFAULT CHARSET=latin1;

--
-- Dumping data for table `tesu`
--

INSERT INTO `tesu` (`datum_id`, `datum`, `text`) VALUES
(1, '2021-05-24 00:48:00', 'Maska'),
(6, '2021-06-01 19:30:00', NULL),
(10, '2021-06-02 01:20:00', NULL),
(12, '2021-06-03 01:02:00', NULL),
(13, '2021-06-03 01:12:00', NULL),
(14, '2021-06-03 01:14:00', NULL),
(15, '2021-06-03 01:14:00', 'mubvu'),
(17, '2021-06-03 01:38:00', NULL),
(19, '2021-06-03 01:46:00', 'K'),
(20, '2021-06-03 01:48:00', NULL),
(21, '2021-06-03 01:53:00', NULL),
(22, '2021-06-03 00:53:00', NULL),
(23, '2021-06-03 18:49:00', NULL);

-- --------------------------------------------------------

--
-- Table structure for table `vdatum`
--

CREATE TABLE `vdatum` (
  `datum_id` int(11) NOT NULL,
  `datum` datetime NOT NULL,
  `text` varchar(50) DEFAULT NULL
) ENGINE=InnoDB DEFAULT CHARSET=latin1;

--
-- Dumping data for table `vdatum`
--

INSERT INTO `vdatum` (`datum_id`, `datum`, `text`) VALUES
(1, '2019-06-01 08:00:00', NULL),
(2, '2019-06-16 03:00:00', NULL),
(3, '2019-06-16 13:00:00', NULL),
(4, '2019-06-17 21:30:00', NULL),
(5, '2019-06-23 18:40:00', NULL),
(6, '2019-06-24 23:30:00', NULL),
(7, '2019-06-26 00:26:00', NULL),
(8, '2019-06-27 23:22:00', NULL),
(9, '2019-06-30 01:20:00', NULL),
(10, '2019-07-06 23:50:00', NULL),
(11, '2019-07-07 11:00:00', NULL),
(12, '2019-07-15 04:30:00', NULL),
(13, '2019-07-17 18:00:00', NULL),
(14, '2019-07-18 02:10:00', NULL),
(15, '2019-07-19 01:00:00', NULL),
(16, '2019-07-24 00:30:00', NULL),
(17, '2019-07-24 22:00:00', NULL),
(18, '2019-07-27 03:30:00', NULL),
(19, '2019-07-27 04:00:00', NULL),
(20, '2019-07-29 05:00:00', NULL),
(21, '2019-08-03 05:20:00', NULL),
(22, '2019-08-03 05:30:00', NULL),
(23, '2019-08-05 20:20:00', NULL),
(24, '2019-08-10 02:13:00', NULL),
(25, '2019-08-11 17:48:00', NULL),
(26, '2019-08-12 00:30:00', NULL),
(27, '2019-08-12 20:15:00', NULL),
(28, '2019-08-16 04:00:00', NULL),
(29, '2019-08-18 14:25:00', NULL),
(30, '2019-08-19 21:45:00', NULL),
(31, '2019-08-21 23:00:00', NULL),
(32, '2019-08-24 23:40:00', NULL),
(33, '2019-08-25 02:40:00', NULL),
(34, '2019-08-26 23:15:00', NULL),
(35, '2019-08-29 21:20:00', NULL),
(36, '2019-09-01 02:25:00', NULL),
(37, '2019-09-02 08:55:00', NULL),
(38, '2019-09-03 12:55:00', NULL),
(39, '2019-09-04 00:05:00', NULL),
(40, '2019-09-05 21:25:00', NULL),
(41, '2019-09-09 18:30:00', NULL),
(42, '2019-09-12 22:30:00', NULL),
(43, '2019-09-14 04:15:00', NULL),
(44, '2019-11-16 17:20:00', NULL),
(45, '2019-11-19 20:50:00', NULL),
(46, '2019-11-20 22:00:00', NULL),
(47, '2019-12-25 20:20:00', NULL),
(48, '2020-01-03 08:00:00', NULL),
(49, '2020-01-03 10:00:00', NULL),
(50, '2020-01-18 14:40:00', NULL),
(51, '2020-01-18 21:10:00', NULL),
(52, '2020-01-31 23:55:00', NULL),
(53, '2020-02-09 20:05:00', NULL),
(54, '2020-02-18 21:00:00', NULL),
(55, '2020-02-22 14:50:00', NULL),
(56, '2020-02-27 19:25:00', NULL),
(57, '2020-03-01 22:50:00', NULL),
(58, '2020-03-07 14:00:00', NULL),
(59, '2020-03-07 22:00:00', NULL),
(60, '2020-03-11 05:10:00', NULL),
(61, '2020-03-11 07:20:00', NULL),
(62, '2020-03-17 21:50:00', NULL),
(63, '2020-03-21 18:08:00', NULL),
(64, '2020-03-24 22:00:00', NULL),
(65, '2020-03-26 22:00:00', NULL),
(66, '2020-04-05 06:30:00', NULL),
(67, '2020-04-06 22:20:00', NULL),
(68, '2020-04-07 22:00:00', NULL),
(69, '2020-04-12 16:00:00', NULL),
(70, '2020-04-15 23:50:00', NULL),
(71, '2020-04-24 00:21:00', NULL),
(72, '2020-04-26 00:50:00', NULL),
(73, '2020-04-26 23:11:00', NULL),
(74, '2020-04-29 23:30:00', NULL),
(75, '2020-05-04 00:25:00', NULL),
(76, '2020-05-04 18:20:00', NULL),
(77, '2020-05-06 17:00:00', NULL),
(78, '2020-05-10 23:30:00', NULL),
(79, '2020-05-13 00:25:00', NULL),
(80, '2020-05-19 23:55:00', NULL),
(81, '2020-05-20 02:10:00', NULL),
(82, '2020-05-22 00:25:00', NULL),
(83, '2020-05-24 23:00:00', NULL),
(84, '2020-05-25 17:30:00', NULL),
(85, '2020-05-29 00:50:00', NULL),
(86, '2020-06-01 23:35:00', NULL),
(87, '2020-06-03 00:40:00', NULL),
(88, '2020-06-05 00:20:00', NULL),
(89, '2020-06-05 22:30:00', NULL),
(90, '2020-06-06 01:55:00', NULL),
(91, '2020-06-08 00:10:00', NULL),
(92, '2020-06-10 21:00:00', NULL),
(93, '2020-06-18 23:40:00', NULL),
(94, '2020-06-21 23:00:00', NULL),
(95, '2020-06-23 00:20:00', NULL),
(96, '2020-06-25 00:05:00', NULL),
(97, '2020-06-25 23:30:00', NULL),
(98, '2020-06-26 23:55:00', NULL),
(99, '2020-06-29 16:10:00', NULL),
(100, '2020-07-04 03:45:00', NULL),
(101, '2020-07-06 03:00:00', NULL),
(102, '2020-07-06 21:40:00', NULL),
(103, '2020-07-08 00:25:00', NULL),
(104, '2020-07-12 01:30:00', NULL),
(105, '2020-07-14 03:30:00', NULL),
(106, '2020-07-17 23:00:00', NULL),
(107, '2020-07-18 04:30:00', NULL),
(108, '2020-07-20 23:55:00', NULL),
(109, '2020-07-21 04:00:00', NULL),
(110, '2020-07-28 11:10:00', NULL),
(111, '2020-07-29 00:30:00', NULL),
(112, '2020-07-29 22:50:00', NULL),
(113, '2020-08-02 14:00:00', NULL),
(114, '2020-08-03 23:55:00', NULL),
(115, '2020-08-07 23:55:00', NULL),
(116, '2020-08-12 22:45:00', NULL),
(117, '2020-08-18 00:40:00', NULL),
(118, '2020-08-18 23:30:00', NULL),
(119, '2020-08-22 02:00:00', NULL),
(120, '2020-08-23 04:00:00', NULL),
(121, '2020-08-24 01:00:00', NULL),
(122, '2020-08-27 20:45:00', NULL),
(123, '2020-08-29 00:20:00', NULL),
(124, '2020-08-30 03:00:00', NULL),
(125, '2020-09-03 00:45:00', NULL),
(126, '2020-09-06 01:35:00', NULL),
(127, '2020-09-07 23:55:00', NULL),
(128, '2020-09-10 18:00:00', NULL),
(129, '2020-09-11 00:45:00', NULL),
(130, '2020-09-15 23:45:00', NULL),
(131, '2020-09-16 22:40:00', NULL),
(132, '2020-09-19 00:30:00', NULL),
(133, '2020-09-20 01:30:00', NULL),
(134, '2020-09-20 23:40:00', NULL),
(135, '2020-09-21 22:20:00', NULL),
(136, '2020-09-24 00:40:00', NULL),
(137, '2020-09-25 23:30:00', NULL),
(138, '2020-09-27 01:00:00', NULL),
(139, '2020-09-28 02:20:00', NULL),
(140, '2020-10-02 23:50:00', NULL),
(141, '2020-10-06 01:20:00', NULL),
(142, '2020-10-08 01:20:00', NULL),
(143, '2020-10-09 22:10:00', NULL),
(144, '2020-10-10 01:50:00', NULL),
(145, '2020-10-11 01:20:00', NULL),
(146, '2020-10-14 23:20:00', NULL),
(147, '2020-10-17 20:20:00', NULL),
(148, '2020-10-18 21:45:00', NULL),
(149, '2020-10-20 22:40:00', NULL),
(150, '2020-10-25 00:40:00', NULL),
(151, '2020-10-25 21:30:00', NULL),
(152, '2020-10-27 21:45:00', NULL),
(153, '2020-10-31 00:20:00', NULL),
(154, '2020-11-01 00:05:00', NULL),
(155, '2020-11-04 22:30:00', NULL),
(156, '2020-11-06 00:00:00', NULL),
(157, '2020-11-07 22:20:00', NULL),
(158, '2020-11-10 21:00:00', NULL),
(159, '2020-11-12 22:40:00', NULL),
(160, '2020-11-13 18:50:00', NULL),
(161, '2020-11-15 22:20:00', NULL),
(162, '2020-11-19 18:40:00', NULL),
(163, '2020-11-22 21:00:00', NULL),
(164, '2020-11-26 23:50:00', NULL),
(165, '2020-11-30 09:40:00', NULL),
(166, '2020-12-01 02:30:00', NULL),
(167, '2020-12-02 01:50:00', NULL),
(168, '2020-12-04 02:15:00', NULL),
(169, '2020-12-05 04:50:00', NULL),
(170, '2020-12-08 04:40:00', NULL),
(171, '2020-12-14 01:20:00', NULL),
(172, '2020-12-21 01:10:00', NULL),
(173, '2020-12-24 04:40:00', NULL),
(174, '2020-12-24 06:20:00', NULL),
(175, '2020-12-25 04:20:00', NULL),
(176, '2020-12-29 03:00:00', NULL),
(177, '2020-12-30 02:50:00', NULL),
(178, '2021-01-01 03:30:00', NULL),
(179, '2021-01-03 05:31:00', NULL),
(180, '2021-01-03 23:50:00', NULL),
(181, '2021-01-05 06:40:00', NULL),
(182, '2021-01-10 05:40:00', NULL),
(183, '2021-01-11 11:00:00', NULL),
(184, '2021-01-15 04:40:00', NULL),
(185, '2021-01-16 05:19:00', NULL),
(186, '2021-01-17 16:40:00', NULL),
(187, '2021-01-19 16:20:00', NULL),
(188, '2021-01-20 05:10:00', NULL),
(189, '2021-01-22 14:40:00', NULL),
(190, '2021-01-23 09:29:00', NULL),
(191, '2021-01-24 03:00:00', NULL),
(192, '2021-01-25 17:55:00', NULL),
(193, '2021-01-28 17:15:00', NULL),
(194, '2021-02-04 22:00:00', NULL),
(195, '2021-02-08 23:55:00', NULL),
(196, '2021-02-12 20:25:00', NULL),
(197, '2021-02-16 01:05:00', NULL),
(198, '2021-02-18 01:30:00', NULL),
(199, '2021-02-19 01:30:00', NULL),
(200, '2021-02-23 01:40:00', NULL),
(201, '2021-02-24 03:20:00', NULL),
(202, '2021-02-25 23:55:00', NULL),
(203, '2021-02-26 23:26:00', NULL),
(204, '2021-03-03 22:40:00', NULL),
(205, '2021-03-05 16:00:00', NULL),
(206, '2021-03-08 23:15:00', NULL),
(207, '2021-03-11 23:00:00', NULL),
(208, '2021-03-15 23:50:00', NULL),
(209, '2021-03-17 00:50:00', NULL),
(210, '2021-03-19 00:37:00', NULL),
(211, '2021-03-19 20:50:00', NULL),
(212, '2021-03-20 22:30:00', NULL),
(213, '2021-03-21 18:05:00', NULL),
(214, '2021-03-24 22:40:00', NULL),
(215, '2021-03-26 23:00:00', NULL),
(216, '2021-03-27 23:10:00', NULL),
(217, '2021-04-01 23:25:00', NULL),
(218, '2021-04-02 23:30:00', NULL),
(219, '2021-04-05 01:00:00', NULL),
(220, '2021-04-04 21:55:00', NULL),
(221, '2021-04-06 01:00:00', NULL),
(222, '2021-04-08 01:50:00', NULL),
(223, '2021-04-11 01:00:00', NULL),
(224, '2021-04-15 00:45:00', NULL),
(225, '2021-04-15 23:25:00', NULL),
(226, '2021-04-17 00:33:00', NULL),
(227, '2021-04-20 02:00:00', NULL),
(228, '2021-04-21 00:33:00', NULL),
(229, '2021-04-24 23:00:00', NULL),
(230, '2021-04-26 17:00:00', NULL),
(231, '2021-04-29 00:35:00', NULL),
(232, '2021-04-29 23:40:00', NULL),
(233, '2021-05-03 03:35:00', NULL),
(234, '2021-05-07 02:15:00', NULL),
(235, '2021-05-08 06:40:00', NULL),
(236, '2021-05-10 03:10:00', NULL),
(237, '2021-05-11 03:30:00', NULL),
(238, '2021-05-13 02:40:00', NULL),
(239, '2021-05-15 00:10:00', NULL),
(240, '2021-05-16 00:50:00', NULL),
(241, '2021-05-17 04:30:00', NULL),
(242, '2021-05-19 02:50:00', NULL),
(243, '2021-05-22 02:00:00', NULL),
(244, '2021-05-27 05:30:00', NULL),
(245, '2021-05-27 11:05:00', NULL),
(246, '2021-05-28 00:11:00', NULL),
(247, '2021-05-29 03:10:00', NULL),
(248, '2021-05-31 03:40:00', NULL),
(249, '2021-06-01 04:00:00', NULL),
(250, '2021-06-02 03:10:00', NULL),
(251, '2021-06-05 03:14:00', NULL),
(252, '2021-06-07 02:45:00', NULL),
(253, '2021-06-09 03:59:00', NULL),
(254, '2021-06-10 02:22:00', NULL);

--
-- Indexes for dumped tables
--

--
-- Indexes for table `testneu`
--
ALTER TABLE `testneu`
  ADD PRIMARY KEY (`datum_id`);

--
-- Indexes for table `tesu`
--
ALTER TABLE `tesu`
  ADD PRIMARY KEY (`datum_id`);

--
-- Indexes for table `vdatum`
--
ALTER TABLE `vdatum`
  ADD PRIMARY KEY (`datum_id`);

--
-- AUTO_INCREMENT for dumped tables
--

--
-- AUTO_INCREMENT for table `testneu`
--
ALTER TABLE `testneu`
  MODIFY `datum_id` int(11) NOT NULL AUTO_INCREMENT, AUTO_INCREMENT=169;

--
-- AUTO_INCREMENT for table `tesu`
--
ALTER TABLE `tesu`
  MODIFY `datum_id` int(11) NOT NULL AUTO_INCREMENT, AUTO_INCREMENT=24;

--
-- AUTO_INCREMENT for table `vdatum`
--
ALTER TABLE `vdatum`
  MODIFY `datum_id` int(11) NOT NULL AUTO_INCREMENT, AUTO_INCREMENT=255;
COMMIT;

/*!40101 SET CHARACTER_SET_CLIENT=@OLD_CHARACTER_SET_CLIENT */;
/*!40101 SET CHARACTER_SET_RESULTS=@OLD_CHARACTER_SET_RESULTS */;
/*!40101 SET COLLATION_CONNECTION=@OLD_COLLATION_CONNECTION */;
